response_num,gender,age,occupation,know_host,media_channel,interest_level,participation,benefits,status
1,ชาย,18 - 25 ปี,พนักงานบริษัทเอกชน,ไม่ทราบ,เว็บไซต์ข่าว/แอปพลิเคชันข่าว,ไม่สนใจเลย,เข้าชมการแข่งขันในสนาม,ด้านเศรษฐกิจ: เพิ่มรายได้จากการท่องเที่ยวและการใช้จ่ายที่เกี่ยวข้อง,Success
2,หญิง,26 - 35 ปี,ค้าขาย/เจ้าของธุรกิจ,ไม่ทราบ,เว็บไซต์ข่าว/แอปพลิเคชันข่าว,สนใจน้อย,ซื้อสินค้าหรือของที่ระลึกที่เกี่ยวข้อง,ด้านการท่องเที่ยว: ดึงดูดนักท่องเที่ยวต่างชาติให้เดินทางมาไทยมากขึ้น,Success
3,หญิง,26 - 35 ปี,ประกอบอาชีพอิสระ,ไม่ทราบ,ป้ายโฆษณา/สื่อประชาสัมพันธ์ภายนอก,สนใจน้อย,เข้าร่วมกิจกรรมประชาสัมพันธ์หรือกิจกรรมเสริมต่างๆ,ด้านสังคม: ส่งเสริมการกีฬาและสร้างแรงบันดาลใจให้กับคนในประเทศ,Success
4,หญิง,36 - 45 ปี,นักเรียน/นักศึกษา,ไม่ทราบ,เว็บไซต์ข่าว/แอปพลิเคชันข่าว,สนใจมากที่สุด,ชมการถ่ายทอดสดผ่านโทรทัศน์หรือช่องทางออนไลน์,ด้านเศรษฐกิจ: เพิ่มรายได้จากการท่องเที่ยวและการใช้จ่ายที่เกี่ยวข้อง,Success
5,หญิง,18 - 25 ปี,นักเรียน/นักศึกษา,ทราบ,ป้ายโฆษณา/สื่อประชาสัมพันธ์ภายนอก,สนใจน้อย,เข้าร่วมกิจกรรมประชาสัมพันธ์หรือกิจกรรมเสริมต่างๆ,ด้านการท่องเที่ยว: ดึงดูดนักท่องเที่ยวต่างชาติให้เดินทางมาไทยมากขึ้น,Success
6,ชาย,26 - 35 ปี,ค้าขาย/เจ้าของธุรกิจ,ไม่ทราบ,เว็บไซต์ข่าว/แอปพลิเคชันข่าว,ไม่สนใจเลย,ชมการถ่ายทอดสดผ่านโทรทัศน์หรือช่องทางออนไลน์,ด้านสังคม: ส่งเสริมการกีฬาและสร้างแรงบันดาลใจให้กับคนในประเทศ,Success
7,หญิง,18 - 25 ปี,ค้าขาย/เจ้าของธุรกิจ,ไม่ทราบ,"สื่อสังคมออนไลน์ (เช่น Facebook, Twitter, Instagram, TikTok)",สนใจน้อย,ซื้อสินค้าหรือของที่ระลึกที่เกี่ยวข้อง,ด้านภาพลักษณ์: สร้างชื่อเสียงและภาพลักษณ์ที่ดีของประเทศในระดับนานาชาติ,Success
8,ชาย,26 - 35 ปี,ค้าขาย/เจ้าของธุรกิจ,ทราบ,เว็บไซต์ข่าว/แอปพลิเคชันข่าว,สนใจมากที่สุด,เข้าร่วมกิจกรรมประชาสัมพันธ์หรือกิจกรรมเสริมต่างๆ,ด้านภาพลักษณ์: สร้างชื่อเสียงและภาพลักษณ์ที่ดีของประเทศในระดับนานาชาติ,Success
9,หญิง,36 - 45 ปี,ประกอบอาชีพอิสระ,ทราบ,เว็บไซต์ข่าว/แอปพลิเคชันข่าว,ไม่สนใจเลย,เข้าร่วมกิจกรรมประชาสัมพันธ์หรือกิจกรรมเสริมต่างๆ,ด้านเศรษฐกิจ: เพิ่มรายได้จากการท่องเที่ยวและการใช้จ่ายที่เกี่ยวข้อง,Success
10,หญิง,36 - 45 ปี,ค้าขาย/เจ้าของธุรกิจ,ทราบ,ป้ายโฆษณา/สื่อประชาสัมพันธ์ภายนอก,ไม่สนใจเลย,เข้าร่วมกิจกรรมประชาสัมพันธ์หรือกิจกรรมเสริมต่างๆ,ด้านสังคม: ส่งเสริมการกีฬาและสร้างแรงบันดาลใจให้กับคนในประเทศ,Success
11,หญิง,18 - 25 ปี,ประกอบอาชีพอิสระ,ไม่ทราบ,เว็บไซต์ข่าว/แอปพลิเคชันข่าว,สนใจมาก,เข้าชมการแข่งขันในสนาม,ด้านภาพลักษณ์: สร้างชื่อเสียงและภาพลักษณ์ที่ดีของประเทศในระดับนานาชาติ,Success
12,ชาย,18 - 25 ปี,ประกอบอาชีพอิสระ,ทราบ,เว็บไซต์ข่าว/แอปพลิเคชันข่าว,สนใจมาก,เข้าชมการแข่งขันในสนาม,ด้านเศรษฐกิจ: เพิ่มรายได้จากการท่องเที่ยวและการใช้จ่ายที่เกี่ยวข้อง,Success
13,หญิง,18 - 25 ปี,ประกอบอาชีพอิสระ,ไม่ทราบ,ป้ายโฆษณา/สื่อประชาสัมพันธ์ภายนอก,ไม่สนใจเลย,เข้าร่วมกิจกรรมประชาสัมพันธ์หรือกิจกรรมเสริมต่างๆ,ด้านสังคม: ส่งเสริมการกีฬาและสร้างแรงบันดาลใจให้กับคนในประเทศ,Success
14,หญิง,26 - 35 ปี,พนักงานบริษัทเอกชน,ทราบ,"สื่อสังคมออนไลน์ (เช่น Facebook, Twitter, Instagram, TikTok)",สนใจน้อย,ซื้อสินค้าหรือของที่ระลึกที่เกี่ยวข้อง,ด้านภาพลักษณ์: สร้างชื่อเสียงและภาพลักษณ์ที่ดีของประเทศในระดับนานาชาติ,Success
15,หญิง,36 - 45 ปี,พนักงานบริษัทเอกชน,ทราบ,เว็บไซต์ข่าว/แอปพลิเคชันข่าว,สนใจปานกลาง,เข้าชมการแข่งขันในสนาม,ด้านสังคม: ส่งเสริมการกีฬาและสร้างแรงบันดาลใจให้กับคนในประเทศ,Success
16,ชาย,36 - 45 ปี,ค้าขาย/เจ้าของธุรกิจ,ทราบ,ป้ายโฆษณา/สื่อประชาสัมพันธ์ภายนอก,สนใจมากที่สุด,เข้าชมการแข่งขันในสนาม,ด้านการท่องเที่ยว: ดึงดูดนักท่องเที่ยวต่างชาติให้เดินทางมาไทยมากขึ้น,Success
17,หญิง,26 - 35 ปี,ค้าขาย/เจ้าของธุรกิจ,ไม่ทราบ,ป้ายโฆษณา/สื่อประชาสัมพันธ์ภายนอก,สนใจมากที่สุด,ชมการถ่ายทอดสดผ่านโทรทัศน์หรือช่องทางออนไลน์,ด้านสังคม: ส่งเสริมการกีฬาและสร้างแรงบันดาลใจให้กับคนในประเทศ,Success
18,หญิง,18 - 25 ปี,พนักงานบริษัทเอกชน,ไม่ทราบ,ป้ายโฆษณา/สื่อประชาสัมพันธ์ภายนอก,สนใจน้อย,เข้าชมการแข่งขันในสนาม,ด้านภาพลักษณ์: สร้างชื่อเสียงและภาพลักษณ์ที่ดีของประเทศในระดับนานาชาติ,Success
19,ชาย,26 - 35 ปี,นักเรียน/นักศึกษา,ทราบ,ป้ายโฆษณา/สื่อประชาสัมพันธ์ภายนอก,สนใจน้อย,เข้าชมการแข่งขันในสนาม,ด้านภาพลักษณ์: สร้างชื่อเสียงและภาพลักษณ์ที่ดีของประเทศในระดับนานาชาติ,Success
20,หญิง,36 - 45 ปี,ประกอบอาชีพอิสระ,ทราบ,"สื่อสังคมออนไลน์ (เช่น Facebook, Twitter, Instagram, TikTok)",ไม่สนใจเลย,เข้าร่วมกิจกรรมประชาสัมพันธ์หรือกิจกรรมเสริมต่างๆ,ด้านการท่องเที่ยว: ดึงดูดนักท่องเที่ยวต่างชาติให้เดินทางมาไทยมากขึ้น,Success
21,ชาย,18 - 25 ปี,นักเรียน/นักศึกษา,ทราบ,เว็บไซต์ข่าว/แอปพลิเคชันข่าว,สนใจมากที่สุด,เข้าชมการแข่งขันในสนาม,ด้านการท่องเที่ยว: ดึงดูดนักท่องเที่ยวต่างชาติให้เดินทางมาไทยมากขึ้น,Success
22,ชาย,36 - 45 ปี,ประกอบอาชีพอิสระ,ทราบ,ป้ายโฆษณา/สื่อประชาสัมพันธ์ภายนอก,ไม่สนใจเลย,ชมการถ่ายทอดสดผ่านโทรทัศน์หรือช่องทางออนไลน์,ด้านสังคม: ส่งเสริมการกีฬาและสร้างแรงบันดาลใจให้กับคนในประเทศ,Success
23,ชาย,18 - 25 ปี,ค้าขาย/เจ้าของธุรกิจ,ทราบ,"สื่อสังคมออนไลน์ (เช่น Facebook, Twitter, Instagram, TikTok)",ไม่สนใจเลย,ชมการถ่ายทอดสดผ่านโทรทัศน์หรือช่องทางออนไลน์,ด้านการท่องเที่ยว: ดึงดูดนักท่องเที่ยวต่างชาติให้เดินทางมาไทยมากขึ้น,Success
24,หญิง,18 - 25 ปี,ข้าราชการ/พนักงานรัฐวิสาหกิจ,ไม่ทราบ,ป้ายโฆษณา/สื่อประชาสัมพันธ์ภายนอก,ไม่สนใจเลย,เข้าชมการแข่งขันในสนาม,ด้านการท่องเที่ยว: ดึงดูดนักท่องเที่ยวต่างชาติให้เดินทางมาไทยมากขึ้น,Success
25,หญิง,26 - 35 ปี,ข้าราชการ/พนักงานรัฐวิสาหกิจ,ทราบ,ป้ายโฆษณา/สื่อประชาสัมพันธ์ภายนอก,ไม่สนใจเลย,ซื้อสินค้าหรือของที่ระลึกที่เกี่ยวข้อง,ด้านการท่องเที่ยว: ดึงดูดนักท่องเที่ยวต่างชาติให้เดินทางมาไทยมากขึ้น,Success
26,หญิง,36 - 45 ปี,ประกอบอาชีพอิสระ,ทราบ,"สื่อสังคมออนไลน์ (เช่น Facebook, Twitter, Instagram, TikTok)",สนใจมากที่สุด,เข้าชมการแข่งขันในสนาม,ด้านภาพลักษณ์: สร้างชื่อเสียงและภาพลักษณ์ที่ดีของประเทศในระดับนานาชาติ,Success
27,หญิง,18 - 25 ปี,นักเรียน/นักศึกษา,ไม่ทราบ,"สื่อสังคมออนไลน์ (เช่น Facebook, Twitter, Instagram, TikTok)",สนใจน้อย,ซื้อสินค้าหรือของที่ระลึกที่เกี่ยวข้อง,ด้านการท่องเที่ยว: ดึงดูดนักท่องเที่ยวต่างชาติให้เดินทางมาไทยมากขึ้น,Success
28,หญิง,36 - 45 ปี,พนักงานบริษัทเอกชน,ไม่ทราบ,เว็บไซต์ข่าว/แอปพลิเคชันข่าว,ไม่สนใจเลย,ซื้อสินค้าหรือของที่ระลึกที่เกี่ยวข้อง,ด้านเศรษฐกิจ: เพิ่มรายได้จากการท่องเที่ยวและการใช้จ่ายที่เกี่ยวข้อง,Success
29,ชาย,26 - 35 ปี,พนักงานบริษัทเอกชน,ทราบ,ป้ายโฆษณา/สื่อประชาสัมพันธ์ภายนอก,สนใจน้อย,ซื้อสินค้าหรือของที่ระลึกที่เกี่ยวข้อง,ด้านเศรษฐกิจ: เพิ่มรายได้จากการท่องเที่ยวและการใช้จ่ายที่เกี่ยวข้อง,Success
30,ชาย,26 - 35 ปี,นักเรียน/นักศึกษา,ไม่ทราบ,"สื่อสังคมออนไลน์ (เช่น Facebook, Twitter, Instagram, TikTok)",สนใจน้อย,เข้าร่วมกิจกรรมประชาสัมพันธ์หรือกิจกรรมเสริมต่างๆ,ด้านการท่องเที่ยว: ดึงดูดนักท่องเที่ยวต่างชาติให้เดินทางมาไทยมากขึ้น,Success
31,ชาย,36 - 45 ปี,ค้าขาย/เจ้าของธุรกิจ,ทราบ,เว็บไซต์ข่าว/แอปพลิเคชันข่าว,ไม่สนใจเลย,เข้าร่วมกิจกรรมประชาสัมพันธ์หรือกิจกรรมเสริมต่างๆ,ด้านสังคม: ส่งเสริมการกีฬาและสร้างแรงบันดาลใจให้กับคนในประเทศ,Success
32,ชาย,26 - 35 ปี,ค้าขาย/เจ้าของธุรกิจ,ไม่ทราบ,"สื่อสังคมออนไลน์ (เช่น Facebook, Twitter, Instagram, TikTok)",ไม่สนใจเลย,เข้าร่วมกิจกรรมประชาสัมพันธ์หรือกิจกรรมเสริมต่างๆ,ด้านภาพลักษณ์: สร้างชื่อเสียงและภาพลักษณ์ที่ดีของประเทศในระดับนานาชาติ,Success
33,หญิง,18 - 25 ปี,พนักงานบริษัทเอกชน,ไม่ทราบ,ป้ายโฆษณา/สื่อประชาสัมพันธ์ภายนอก,สนใจมาก,ชมการถ่ายทอดสดผ่านโทรทัศน์หรือช่องทางออนไลน์,ด้านการท่องเที่ยว: ดึงดูดนักท่องเที่ยวต่างชาติให้เดินทางมาไทยมากขึ้น,Success
34,หญิง,26 - 35 ปี,ข้าราชการ/พนักงานรัฐวิสาหกิจ,ทราบ,"สื่อสังคมออนไลน์ (เช่น Facebook, Twitter, Instagram, TikTok)",ไม่สนใจเลย,ซื้อสินค้าหรือของที่ระลึกที่เกี่ยวข้อง,ด้านสังคม: ส่งเสริมการกีฬาและสร้างแรงบันดาลใจให้กับคนในประเทศ,Success
35,ชาย,26 - 35 ปี,ประกอบอาชีพอิสระ,ทราบ,ป้ายโฆษณา/สื่อประชาสัมพันธ์ภายนอก,สนใจมากที่สุด,เข้าร่วมกิจกรรมประชาสัมพันธ์หรือกิจกรรมเสริมต่างๆ,ด้านการท่องเที่ยว: ดึงดูดนักท่องเที่ยวต่างชาติให้เดินทางมาไทยมากขึ้น,Success
36,ชาย,36 - 45 ปี,นักเรียน/นักศึกษา,ทราบ,"สื่อสังคมออนไลน์ (เช่น Facebook, Twitter, Instagram, TikTok)",สนใจน้อย,เข้าชมการแข่งขันในสนาม,ด้านสังคม: ส่งเสริมการกีฬาและสร้างแรงบันดาลใจให้กับคนในประเทศ,Success
37,ชาย,26 - 35 ปี,ข้าราชการ/พนักงานรัฐวิสาหกิจ,ทราบ,"สื่อสังคมออนไลน์ (เช่น Facebook, Twitter, Instagram, TikTok)",สนใจมากที่สุด,เข้าร่วมกิจกรรมประชาสัมพันธ์หรือกิจกรรมเสริมต่างๆ,ด้านการท่องเที่ยว: ดึงดูดนักท่องเที่ยวต่างชาติให้เดินทางมาไทยมากขึ้น,Success
38,หญิง,36 - 45 ปี,ค้าขาย/เจ้าของธุรกิจ,ไม่ทราบ,ป้ายโฆษณา/สื่อประชาสัมพันธ์ภายนอก,ไม่สนใจเลย,ซื้อสินค้าหรือของที่ระลึกที่เกี่ยวข้อง,ด้านการท่องเที่ยว: ดึงดูดนักท่องเที่ยวต่างชาติให้เดินทางมาไทยมากขึ้น,Success
39,หญิง,36 - 45 ปี,ข้าราชการ/พนักงานรัฐวิสาหกิจ,ไม่ทราบ,เว็บไซต์ข่าว/แอปพลิเคชันข่าว,สนใจมาก,เข้าชมการแข่งขันในสนาม,ด้านการท่องเที่ยว: ดึงดูดนักท่องเที่ยวต่างชาติให้เดินทางมาไทยมากขึ้น,Success
40,หญิง,18 - 25 ปี,ประกอบอาชีพอิสระ,ไม่ทราบ,เว็บไซต์ข่าว/แอปพลิเคชันข่าว,สนใจมากที่สุด,เข้าชมการแข่งขันในสนาม,ด้านการท่องเที่ยว: ดึงดูดนักท่องเที่ยวต่างชาติให้เดินทางมาไทยมากขึ้น,Success
41,หญิง,26 - 35 ปี,พนักงานบริษัทเอกชน,ไม่ทราบ,"สื่อสังคมออนไลน์ (เช่น Facebook, Twitter, Instagram, TikTok)",สนใจมาก,ชมการถ่ายทอดสดผ่านโทรทัศน์หรือช่องทางออนไลน์,ด้านการท่องเที่ยว: ดึงดูดนักท่องเที่ยวต่างชาติให้เดินทางมาไทยมากขึ้น,Success
42,ชาย,18 - 25 ปี,ข้าราชการ/พนักงานรัฐวิสาหกิจ,ไม่ทราบ,เว็บไซต์ข่าว/แอปพลิเคชันข่าว,สนใจมากที่สุด,ชมการถ่ายทอดสดผ่านโทรทัศน์หรือช่องทางออนไลน์,ด้านสังคม: ส่งเสริมการกีฬาและสร้างแรงบันดาลใจให้กับคนในประเทศ,Success
43,หญิง,36 - 45 ปี,ข้าราชการ/พนักงานรัฐวิสาหกิจ,ไม่ทราบ,"สื่อสังคมออนไลน์ (เช่น Facebook, Twitter, Instagram, TikTok)",สนใจมากที่สุด,เข้าชมการแข่งขันในสนาม,ด้านสังคม: ส่งเสริมการกีฬาและสร้างแรงบันดาลใจให้กับคนในประเทศ,Success
44,หญิง,36 - 45 ปี,ประกอบอาชีพอิสระ,ทราบ,เว็บไซต์ข่าว/แอปพลิเคชันข่าว,สนใจน้อย,เข้าชมการแข่งขันในสนาม,ด้านภาพลักษณ์: สร้างชื่อเสียงและภาพลักษณ์ที่ดีของประเทศในระดับนานาชาติ,Success
45,ชาย,36 - 45 ปี,ข้าราชการ/พนักงานรัฐวิสาหกิจ,ไม่ทราบ,"สื่อสังคมออนไลน์ (เช่น Facebook, Twitter, Instagram, TikTok)",ไม่สนใจเลย,เข้าชมการแข่งขันในสนาม,ด้านเศรษฐกิจ: เพิ่มรายได้จากการท่องเที่ยวและการใช้จ่ายที่เกี่ยวข้อง,Success
46,หญิง,36 - 45 ปี,ค้าขาย/เจ้าของธุรกิจ,ไม่ทราบ,ป้ายโฆษณา/สื่อประชาสัมพันธ์ภายนอก,สนใจน้อย,เข้าชมการแข่งขันในสนาม,ด้านสังคม: ส่งเสริมการกีฬาและสร้างแรงบันดาลใจให้กับคนในประเทศ,Success
47,ชาย,18 - 25 ปี,ข้าราชการ/พนักงานรัฐวิสาหกิจ,ไม่ทราบ,ป้ายโฆษณา/สื่อประชาสัมพันธ์ภายนอก,สนใจมากที่สุด,เข้าร่วมกิจกรรมประชาสัมพันธ์หรือกิจกรรมเสริมต่างๆ,ด้านสังคม: ส่งเสริมการกีฬาและสร้างแรงบันดาลใจให้กับคนในประเทศ,Success
48,หญิง,36 - 45 ปี,ประกอบอาชีพอิสระ,ทราบ,"สื่อสังคมออนไลน์ (เช่น Facebook, Twitter, Instagram, TikTok)",สนใจมากที่สุด,ชมการถ่ายทอดสดผ่านโทรทัศน์หรือช่องทางออนไลน์,ด้านการท่องเที่ยว: ดึงดูดนักท่องเที่ยวต่างชาติให้เดินทางมาไทยมากขึ้น,Success
49,ชาย,26 - 35 ปี,พนักงานบริษัทเอกชน,ทราบ,ป้ายโฆษณา/สื่อประชาสัมพันธ์ภายนอก,สนใจปานกลาง,เข้าร่วมกิจกรรมประชาสัมพันธ์หรือกิจกรรมเสริมต่างๆ,ด้านภาพลักษณ์: สร้างชื่อเสียงและภาพลักษณ์ที่ดีของประเทศในระดับนานาชาติ,Success
50,ชาย,18 - 25 ปี,ค้าขาย/เจ้าของธุรกิจ,ไม่ทราบ,"สื่อสังคมออนไลน์ (เช่น Facebook, Twitter, Instagram, TikTok)",สนใจมากที่สุด,เข้าชมการแข่งขันในสนาม,ด้านสังคม: ส่งเสริมการกีฬาและสร้างแรงบันดาลใจให้กับคนในประเทศ,Success
51,หญิง,18 - 25 ปี,ค้าขาย/เจ้าของธุรกิจ,ไม่ทราบ,"สื่อสังคมออนไลน์ (เช่น Facebook, Twitter, Instagram, TikTok)",สนใจมาก,เข้าร่วมกิจกรรมประชาสัมพันธ์หรือกิจกรรมเสริมต่างๆ,ด้านเศรษฐกิจ: เพิ่มรายได้จากการท่องเที่ยวและการใช้จ่ายที่เกี่ยวข้อง,Success
52,หญิง,26 - 35 ปี,ค้าขาย/เจ้าของธุรกิจ,ไม่ทราบ,ป้ายโฆษณา/สื่อประชาสัมพันธ์ภายนอก,ไม่สนใจเลย,ซื้อสินค้าหรือของที่ระลึกที่เกี่ยวข้อง,ด้านภาพลักษณ์: สร้างชื่อเสียงและภาพลักษณ์ที่ดีของประเทศในระดับนานาชาติ,Success
53,ชาย,26 - 35 ปี,ประกอบอาชีพอิสระ,ทราบ,ป้ายโฆษณา/สื่อประชาสัมพันธ์ภายนอก,สนใจน้อย,ชมการถ่ายทอดสดผ่านโทรทัศน์หรือช่องทางออนไลน์,ด้านสังคม: ส่งเสริมการกีฬาและสร้างแรงบันดาลใจให้กับคนในประเทศ,Success
54,ชาย,18 - 25 ปี,ประกอบอาชีพอิสระ,ไม่ทราบ,ป้ายโฆษณา/สื่อประชาสัมพันธ์ภายนอก,สนใจมากที่สุด,เข้าร่วมกิจกรรมประชาสัมพันธ์หรือกิจกรรมเสริมต่างๆ,ด้านสังคม: ส่งเสริมการกีฬาและสร้างแรงบันดาลใจให้กับคนในประเทศ,Success
55,ชาย,18 - 25 ปี,ข้าราชการ/พนักงานรัฐวิสาหกิจ,ทราบ,เว็บไซต์ข่าว/แอปพลิเคชันข่าว,สนใจปานกลาง,ชมการถ่ายทอดสดผ่านโทรทัศน์หรือช่องทางออนไลน์,ด้านสังคม: ส่งเสริมการกีฬาและสร้างแรงบันดาลใจให้กับคนในประเทศ,Success
56,หญิง,26 - 35 ปี,ค้าขาย/เจ้าของธุรกิจ,ไม่ทราบ,เว็บไซต์ข่าว/แอปพลิเคชันข่าว,สนใจปานกลาง,เข้าชมการแข่งขันในสนาม,ด้านสังคม: ส่งเสริมการกีฬาและสร้างแรงบันดาลใจให้กับคนในประเทศ,Success
57,หญิง,36 - 45 ปี,ประกอบอาชีพอิสระ,ไม่ทราบ,ป้ายโฆษณา/สื่อประชาสัมพันธ์ภายนอก,ไม่สนใจเลย,เข้าชมการแข่งขันในสนาม,ด้านภาพลักษณ์: สร้างชื่อเสียงและภาพลักษณ์ที่ดีของประเทศในระดับนานาชาติ,Success
58,หญิง,26 - 35 ปี,ข้าราชการ/พนักงานรัฐวิสาหกิจ,ไม่ทราบ,"สื่อสังคมออนไลน์ (เช่น Facebook, Twitter, Instagram, TikTok)",สนใจมาก,เข้าชมการแข่งขันในสนาม,ด้านเศรษฐกิจ: เพิ่มรายได้จากการท่องเที่ยวและการใช้จ่ายที่เกี่ยวข้อง,Success
59,หญิง,26 - 35 ปี,นักเรียน/นักศึกษา,ไม่ทราบ,เว็บไซต์ข่าว/แอปพลิเคชันข่าว,ไม่สนใจเลย,เข้าร่วมกิจกรรมประชาสัมพันธ์หรือกิจกรรมเสริมต่างๆ,ด้านเศรษฐกิจ: เพิ่มรายได้จากการท่องเที่ยวและการใช้จ่ายที่เกี่ยวข้อง,Success
60,ชาย,36 - 45 ปี,ค้าขาย/เจ้าของธุรกิจ,ทราบ,เว็บไซต์ข่าว/แอปพลิเคชันข่าว,สนใจปานกลาง,เข้าชมการแข่งขันในสนาม,ด้านการท่องเที่ยว: ดึงดูดนักท่องเที่ยวต่างชาติให้เดินทางมาไทยมากขึ้น,Success
61,ชาย,26 - 35 ปี,ประกอบอาชีพอิสระ,ทราบ,ป้ายโฆษณา/สื่อประชาสัมพันธ์ภายนอก,สนใจมากที่สุด,เข้าร่วมกิจกรรมประชาสัมพันธ์หรือกิจกรรมเสริมต่างๆ,ด้านการท่องเที่ยว: ดึงดูดนักท่องเที่ยวต่างชาติให้เดินทางมาไทยมากขึ้น,Success
62,ชาย,18 - 25 ปี,ประกอบอาชีพอิสระ,ทราบ,"สื่อสังคมออนไลน์ (เช่น Facebook, Twitter, Instagram, TikTok)",สนใจมากที่สุด,ซื้อสินค้าหรือของที่ระลึกที่เกี่ยวข้อง,ด้านสังคม: ส่งเสริมการกีฬาและสร้างแรงบันดาลใจให้กับคนในประเทศ,Success
63,หญิง,36 - 45 ปี,นักเรียน/นักศึกษา,ไม่ทราบ,"สื่อสังคมออนไลน์ (เช่น Facebook, Twitter, Instagram, TikTok)",สนใจมากที่สุด,เข้าชมการแข่งขันในสนาม,ด้านการท่องเที่ยว: ดึงดูดนักท่องเที่ยวต่างชาติให้เดินทางมาไทยมากขึ้น,Success
64,ชาย,18 - 25 ปี,พนักงานบริษัทเอกชน,ไม่ทราบ,"สื่อสังคมออนไลน์ (เช่น Facebook, Twitter, Instagram, TikTok)",สนใจมาก,เข้าร่วมกิจกรรมประชาสัมพันธ์หรือกิจกรรมเสริมต่างๆ,ด้านเศรษฐกิจ: เพิ่มรายได้จากการท่องเที่ยวและการใช้จ่ายที่เกี่ยวข้อง,Success
65,ชาย,26 - 35 ปี,พนักงานบริษัทเอกชน,ไม่ทราบ,"สื่อสังคมออนไลน์ (เช่น Facebook, Twitter, Instagram, TikTok)",สนใจน้อย,ชมการถ่ายทอดสดผ่านโทรทัศน์หรือช่องทางออนไลน์,ด้านภาพลักษณ์: สร้างชื่อเสียงและภาพลักษณ์ที่ดีของประเทศในระดับนานาชาติ,Success
66,ชาย,26 - 35 ปี,ค้าขาย/เจ้าของธุรกิจ,ไม่ทราบ,"สื่อสังคมออนไลน์ (เช่น Facebook, Twitter, Instagram, TikTok)",สนใจน้อย,ชมการถ่ายทอดสดผ่านโทรทัศน์หรือช่องทางออนไลน์,ด้านเศรษฐกิจ: เพิ่มรายได้จากการท่องเที่ยวและการใช้จ่ายที่เกี่ยวข้อง,Success
67,ชาย,26 - 35 ปี,ค้าขาย/เจ้าของธุรกิจ,ไม่ทราบ,เว็บไซต์ข่าว/แอปพลิเคชันข่าว,สนใจน้อย,ซื้อสินค้าหรือของที่ระลึกที่เกี่ยวข้อง,ด้านเศรษฐกิจ: เพิ่มรายได้จากการท่องเที่ยวและการใช้จ่ายที่เกี่ยวข้อง,Success
68,ชาย,18 - 25 ปี,ค้าขาย/เจ้าของธุรกิจ,ทราบ,ป้ายโฆษณา/สื่อประชาสัมพันธ์ภายนอก,สนใจมากที่สุด,เข้าร่วมกิจกรรมประชาสัมพันธ์หรือกิจกรรมเสริมต่างๆ,ด้านภาพลักษณ์: สร้างชื่อเสียงและภาพลักษณ์ที่ดีของประเทศในระดับนานาชาติ,Success
69,ชาย,26 - 35 ปี,ค้าขาย/เจ้าของธุรกิจ,ทราบ,เว็บไซต์ข่าว/แอปพลิเคชันข่าว,สนใจมากที่สุด,เข้าร่วมกิจกรรมประชาสัมพันธ์หรือกิจกรรมเสริมต่างๆ,ด้านภาพลักษณ์: สร้างชื่อเสียงและภาพลักษณ์ที่ดีของประเทศในระดับนานาชาติ,Success
70,ชาย,36 - 45 ปี,ประกอบอาชีพอิสระ,ทราบ,เว็บไซต์ข่าว/แอปพลิเคชันข่าว,สนใจมาก,ซื้อสินค้าหรือของที่ระลึกที่เกี่ยวข้อง,ด้านภาพลักษณ์: สร้างชื่อเสียงและภาพลักษณ์ที่ดีของประเทศในระดับนานาชาติ,Success
71,ชาย,36 - 45 ปี,ประกอบอาชีพอิสระ,ทราบ,"สื่อสังคมออนไลน์ (เช่น Facebook, Twitter, Instagram, TikTok)",สนใจมาก,ซื้อสินค้าหรือของที่ระลึกที่เกี่ยวข้อง,ด้านเศรษฐกิจ: เพิ่มรายได้จากการท่องเที่ยวและการใช้จ่ายที่เกี่ยวข้อง,Success
72,ชาย,26 - 35 ปี,ค้าขาย/เจ้าของธุรกิจ,ไม่ทราบ,เว็บไซต์ข่าว/แอปพลิเคชันข่าว,ไม่สนใจเลย,ชมการถ่ายทอดสดผ่านโทรทัศน์หรือช่องทางออนไลน์,ด้านการท่องเที่ยว: ดึงดูดนักท่องเที่ยวต่างชาติให้เดินทางมาไทยมากขึ้น,Success
73,ชาย,36 - 45 ปี,ข้าราชการ/พนักงานรัฐวิสาหกิจ,ไม่ทราบ,ป้ายโฆษณา/สื่อประชาสัมพันธ์ภายนอก,สนใจปานกลาง,เข้าร่วมกิจกรรมประชาสัมพันธ์หรือกิจกรรมเสริมต่างๆ,ด้านสังคม: ส่งเสริมการกีฬาและสร้างแรงบันดาลใจให้กับคนในประเทศ,Success
74,ชาย,36 - 45 ปี,นักเรียน/นักศึกษา,ไม่ทราบ,เว็บไซต์ข่าว/แอปพลิเคชันข่าว,สนใจปานกลาง,ชมการถ่ายทอดสดผ่านโทรทัศน์หรือช่องทางออนไลน์,ด้านสังคม: ส่งเสริมการกีฬาและสร้างแรงบันดาลใจให้กับคนในประเทศ,Success
75,ชาย,26 - 35 ปี,นักเรียน/นักศึกษา,ไม่ทราบ,เว็บไซต์ข่าว/แอปพลิเคชันข่าว,สนใจมาก,ชมการถ่ายทอดสดผ่านโทรทัศน์หรือช่องทางออนไลน์,ด้านสังคม: ส่งเสริมการกีฬาและสร้างแรงบันดาลใจให้กับคนในประเทศ,Success
76,ชาย,26 - 35 ปี,ข้าราชการ/พนักงานรัฐวิสาหกิจ,ทราบ,ป้ายโฆษณา/สื่อประชาสัมพันธ์ภายนอก,ไม่สนใจเลย,เข้าชมการแข่งขันในสนาม,ด้านการท่องเที่ยว: ดึงดูดนักท่องเที่ยวต่างชาติให้เดินทางมาไทยมากขึ้น,Success
77,ชาย,26 - 35 ปี,ค้าขาย/เจ้าของธุรกิจ,ไม่ทราบ,ป้ายโฆษณา/สื่อประชาสัมพันธ์ภายนอก,สนใจมากที่สุด,ชมการถ่ายทอดสดผ่านโทรทัศน์หรือช่องทางออนไลน์,ด้านเศรษฐกิจ: เพิ่มรายได้จากการท่องเที่ยวและการใช้จ่ายที่เกี่ยวข้อง,Success
78,หญิง,26 - 35 ปี,นักเรียน/นักศึกษา,ทราบ,ป้ายโฆษณา/สื่อประชาสัมพันธ์ภายนอก,สนใจมาก,ซื้อสินค้าหรือของที่ระลึกที่เกี่ยวข้อง,ด้านเศรษฐกิจ: เพิ่มรายได้จากการท่องเที่ยวและการใช้จ่ายที่เกี่ยวข้อง,Success
79,หญิง,18 - 25 ปี,พนักงานบริษัทเอกชน,ไม่ทราบ,ป้ายโฆษณา/สื่อประชาสัมพันธ์ภายนอก,สนใจปานกลาง,เข้าร่วมกิจกรรมประชาสัมพันธ์หรือกิจกรรมเสริมต่างๆ,ด้านเศรษฐกิจ: เพิ่มรายได้จากการท่องเที่ยวและการใช้จ่ายที่เกี่ยวข้อง,Success
80,หญิง,26 - 35 ปี,ประกอบอาชีพอิสระ,ไม่ทราบ,เว็บไซต์ข่าว/แอปพลิเคชันข่าว,สนใจน้อย,ชมการถ่ายทอดสดผ่านโทรทัศน์หรือช่องทางออนไลน์,ด้านภาพลักษณ์: สร้างชื่อเสียงและภาพลักษณ์ที่ดีของประเทศในระดับนานาชาติ,Success
81,หญิง,26 - 35 ปี,นักเรียน/นักศึกษา,ไม่ทราบ,ป้ายโฆษณา/สื่อประชาสัมพันธ์ภายนอก,ไม่สนใจเลย,เข้าร่วมกิจกรรมประชาสัมพันธ์หรือกิจกรรมเสริมต่างๆ,ด้านเศรษฐกิจ: เพิ่มรายได้จากการท่องเที่ยวและการใช้จ่ายที่เกี่ยวข้อง,Success
82,ชาย,26 - 35 ปี,ข้าราชการ/พนักงานรัฐวิสาหกิจ,ไม่ทราบ,"สื่อสังคมออนไลน์ (เช่น Facebook, Twitter, Instagram, TikTok)",สนใจน้อย,เข้าร่วมกิจกรรมประชาสัมพันธ์หรือกิจกรรมเสริมต่างๆ,ด้านเศรษฐกิจ: เพิ่มรายได้จากการท่องเที่ยวและการใช้จ่ายที่เกี่ยวข้อง,Success
83,หญิง,18 - 25 ปี,ข้าราชการ/พนักงานรัฐวิสาหกิจ,ทราบ,"สื่อสังคมออนไลน์ (เช่น Facebook, Twitter, Instagram, TikTok)",สนใจมากที่สุด,ชมการถ่ายทอดสดผ่านโทรทัศน์หรือช่องทางออนไลน์,ด้านภาพลักษณ์: สร้างชื่อเสียงและภาพลักษณ์ที่ดีของประเทศในระดับนานาชาติ,Success
84,ชาย,18 - 25 ปี,นักเรียน/นักศึกษา,ทราบ,เว็บไซต์ข่าว/แอปพลิเคชันข่าว,สนใจมากที่สุด,ซื้อสินค้าหรือของที่ระลึกที่เกี่ยวข้อง,ด้านการท่องเที่ยว: ดึงดูดนักท่องเที่ยวต่างชาติให้เดินทางมาไทยมากขึ้น,Success
85,ชาย,18 - 25 ปี,ประกอบอาชีพอิสระ,ไม่ทราบ,"สื่อสังคมออนไลน์ (เช่น Facebook, Twitter, Instagram, TikTok)",ไม่สนใจเลย,เข้าร่วมกิจกรรมประชาสัมพันธ์หรือกิจกรรมเสริมต่างๆ,ด้านเศรษฐกิจ: เพิ่มรายได้จากการท่องเที่ยวและการใช้จ่ายที่เกี่ยวข้อง,Success
86,หญิง,26 - 35 ปี,ข้าราชการ/พนักงานรัฐวิสาหกิจ,ทราบ,"สื่อสังคมออนไลน์ (เช่น Facebook, Twitter, Instagram, TikTok)",สนใจปานกลาง,ชมการถ่ายทอดสดผ่านโทรทัศน์หรือช่องทางออนไลน์,ด้านภาพลักษณ์: สร้างชื่อเสียงและภาพลักษณ์ที่ดีของประเทศในระดับนานาชาติ,Success
87,หญิง,18 - 25 ปี,ประกอบอาชีพอิสระ,ไม่ทราบ,ป้ายโฆษณา/สื่อประชาสัมพันธ์ภายนอก,สนใจปานกลาง,เข้าร่วมกิจกรรมประชาสัมพันธ์หรือกิจกรรมเสริมต่างๆ,ด้านภาพลักษณ์: สร้างชื่อเสียงและภาพลักษณ์ที่ดีของประเทศในระดับนานาชาติ,Success
88,หญิง,36 - 45 ปี,นักเรียน/นักศึกษา,ไม่ทราบ,เว็บไซต์ข่าว/แอปพลิเคชันข่าว,สนใจมาก,ชมการถ่ายทอดสดผ่านโทรทัศน์หรือช่องทางออนไลน์,ด้านเศรษฐกิจ: เพิ่มรายได้จากการท่องเที่ยวและการใช้จ่ายที่เกี่ยวข้อง,Success
89,หญิง,26 - 35 ปี,ค้าขาย/เจ้าของธุรกิจ,ไม่ทราบ,"สื่อสังคมออนไลน์ (เช่น Facebook, Twitter, Instagram, TikTok)",สนใจมากที่สุด,ซื้อสินค้าหรือของที่ระลึกที่เกี่ยวข้อง,ด้านเศรษฐกิจ: เพิ่มรายได้จากการท่องเที่ยวและการใช้จ่ายที่เกี่ยวข้อง,Success
90,หญิง,18 - 25 ปี,ข้าราชการ/พนักงานรัฐวิสาหกิจ,ทราบ,เว็บไซต์ข่าว/แอปพลิเคชันข่าว,สนใจมากที่สุด,ชมการถ่ายทอดสดผ่านโทรทัศน์หรือช่องทางออนไลน์,ด้านภาพลักษณ์: สร้างชื่อเสียงและภาพลักษณ์ที่ดีของประเทศในระดับนานาชาติ,Success
91,ชาย,18 - 25 ปี,พนักงานบริษัทเอกชน,ไม่ทราบ,"สื่อสังคมออนไลน์ (เช่น Facebook, Twitter, Instagram, TikTok)",สนใจน้อย,ซื้อสินค้าหรือของที่ระลึกที่เกี่ยวข้อง,ด้านภาพลักษณ์: สร้างชื่อเสียงและภาพลักษณ์ที่ดีของประเทศในระดับนานาชาติ,Success
92,ชาย,18 - 25 ปี,นักเรียน/นักศึกษา,ทราบ,ป้ายโฆษณา/สื่อประชาสัมพันธ์ภายนอก,ไม่สนใจเลย,ชมการถ่ายทอดสดผ่านโทรทัศน์หรือช่องทางออนไลน์,ด้านเศรษฐกิจ: เพิ่มรายได้จากการท่องเที่ยวและการใช้จ่ายที่เกี่ยวข้อง,Success
93,หญิง,36 - 45 ปี,นักเรียน/นักศึกษา,ทราบ,ป้ายโฆษณา/สื่อประชาสัมพันธ์ภายนอก,ไม่สนใจเลย,เข้าชมการแข่งขันในสนาม,ด้านเศรษฐกิจ: เพิ่มรายได้จากการท่องเที่ยวและการใช้จ่ายที่เกี่ยวข้อง,Success
94,ชาย,18 - 25 ปี,นักเรียน/นักศึกษา,ไม่ทราบ,ป้ายโฆษณา/สื่อประชาสัมพันธ์ภายนอก,ไม่สนใจเลย,เข้าชมการแข่งขันในสนาม,ด้านสังคม: ส่งเสริมการกีฬาและสร้างแรงบันดาลใจให้กับคนในประเทศ,Success
95,ชาย,36 - 45 ปี,นักเรียน/นักศึกษา,ไม่ทราบ,"สื่อสังคมออนไลน์ (เช่น Facebook, Twitter, Instagram, TikTok)",สนใจน้อย,ซื้อสินค้าหรือของที่ระลึกที่เกี่ยวข้อง,ด้านสังคม: ส่งเสริมการกีฬาและสร้างแรงบันดาลใจให้กับคนในประเทศ,Success
96,หญิง,26 - 35 ปี,ค้าขาย/เจ้าของธุรกิจ,ทราบ,"สื่อสังคมออนไลน์ (เช่น Facebook, Twitter, Instagram, TikTok)",สนใจน้อย,เข้าร่วมกิจกรรมประชาสัมพันธ์หรือกิจกรรมเสริมต่างๆ,ด้านเศรษฐกิจ: เพิ่มรายได้จากการท่องเที่ยวและการใช้จ่ายที่เกี่ยวข้อง,Success
97,ชาย,18 - 25 ปี,ประกอบอาชีพอิสระ,ทราบ,ป้ายโฆษณา/สื่อประชาสัมพันธ์ภายนอก,สนใจมากที่สุด,เข้าชมการแข่งขันในสนาม,ด้านการท่องเที่ยว: ดึงดูดนักท่องเที่ยวต่างชาติให้เดินทางมาไทยมากขึ้น,Success
98,ชาย,26 - 35 ปี,ค้าขาย/เจ้าของธุรกิจ,ไม่ทราบ,เว็บไซต์ข่าว/แอปพลิเคชันข่าว,สนใจมาก,เข้าร่วมกิจกรรมประชาสัมพันธ์หรือกิจกรรมเสริมต่างๆ,ด้านการท่องเที่ยว: ดึงดูดนักท่องเที่ยวต่างชาติให้เดินทางมาไทยมากขึ้น,Success
99,ชาย,18 - 25 ปี,พนักงานบริษัทเอกชน,ทราบ,เว็บไซต์ข่าว/แอปพลิเคชันข่าว,ไม่สนใจเลย,เข้าชมการแข่งขันในสนาม,ด้านสังคม: ส่งเสริมการกีฬาและสร้างแรงบันดาลใจให้กับคนในประเทศ,Success
100,หญิง,18 - 25 ปี,พนักงานบริษัทเอกชน,ทราบ,เว็บไซต์ข่าว/แอปพลิเคชันข่าว,สนใจน้อย,เข้าชมการแข่งขันในสนาม,ด้านการท่องเที่ยว: ดึงดูดนักท่องเที่ยวต่างชาติให้เดินทางมาไทยมากขึ้น,Success
101,ชาย,18 - 25 ปี,ค้าขาย/เจ้าของธุรกิจ,ไม่ทราบ,"สื่อสังคมออนไลน์ (เช่น Facebook, Twitter, Instagram, TikTok)",สนใจปานกลาง,เข้าชมการแข่งขันในสนาม,ด้านสังคม: ส่งเสริมการกีฬาและสร้างแรงบันดาลใจให้กับคนในประเทศ,Success
102,ชาย,36 - 45 ปี,พนักงานบริษัทเอกชน,ไม่ทราบ,เว็บไซต์ข่าว/แอปพลิเคชันข่าว,สนใจปานกลาง,เข้าชมการแข่งขันในสนาม,ด้านเศรษฐกิจ: เพิ่มรายได้จากการท่องเที่ยวและการใช้จ่ายที่เกี่ยวข้อง,Success
103,หญิง,26 - 35 ปี,ค้าขาย/เจ้าของธุรกิจ,ไม่ทราบ,"สื่อสังคมออนไลน์ (เช่น Facebook, Twitter, Instagram, TikTok)",สนใจปานกลาง,เข้าชมการแข่งขันในสนาม,ด้านเศรษฐกิจ: เพิ่มรายได้จากการท่องเที่ยวและการใช้จ่ายที่เกี่ยวข้อง,Success
104,หญิง,26 - 35 ปี,ค้าขาย/เจ้าของธุรกิจ,ไม่ทราบ,ป้ายโฆษณา/สื่อประชาสัมพันธ์ภายนอก,สนใจมากที่สุด,ชมการถ่ายทอดสดผ่านโทรทัศน์หรือช่องทางออนไลน์,ด้านสังคม: ส่งเสริมการกีฬาและสร้างแรงบันดาลใจให้กับคนในประเทศ,Success
105,ชาย,18 - 25 ปี,ค้าขาย/เจ้าของธุรกิจ,ไม่ทราบ,เว็บไซต์ข่าว/แอปพลิเคชันข่าว,สนใจมากที่สุด,ชมการถ่ายทอดสดผ่านโทรทัศน์หรือช่องทางออนไลน์,ด้านภาพลักษณ์: สร้างชื่อเสียงและภาพลักษณ์ที่ดีของประเทศในระดับนานาชาติ,Success
106,หญิง,36 - 45 ปี,ประกอบอาชีพอิสระ,ไม่ทราบ,"สื่อสังคมออนไลน์ (เช่น Facebook, Twitter, Instagram, TikTok)",สนใจปานกลาง,ชมการถ่ายทอดสดผ่านโทรทัศน์หรือช่องทางออนไลน์,ด้านเศรษฐกิจ: เพิ่มรายได้จากการท่องเที่ยวและการใช้จ่ายที่เกี่ยวข้อง,Success
107,หญิง,26 - 35 ปี,ค้าขาย/เจ้าของธุรกิจ,ไม่ทราบ,"สื่อสังคมออนไลน์ (เช่น Facebook, Twitter, Instagram, TikTok)",สนใจมากที่สุด,เข้าชมการแข่งขันในสนาม,ด้านภาพลักษณ์: สร้างชื่อเสียงและภาพลักษณ์ที่ดีของประเทศในระดับนานาชาติ,Success
108,หญิง,26 - 35 ปี,นักเรียน/นักศึกษา,ทราบ,"สื่อสังคมออนไลน์ (เช่น Facebook, Twitter, Instagram, TikTok)",สนใจมาก,เข้าร่วมกิจกรรมประชาสัมพันธ์หรือกิจกรรมเสริมต่างๆ,ด้านการท่องเที่ยว: ดึงดูดนักท่องเที่ยวต่างชาติให้เดินทางมาไทยมากขึ้น,Success
109,ชาย,18 - 25 ปี,ค้าขาย/เจ้าของธุรกิจ,ทราบ,"สื่อสังคมออนไลน์ (เช่น Facebook, Twitter, Instagram, TikTok)",ไม่สนใจเลย,ชมการถ่ายทอดสดผ่านโทรทัศน์หรือช่องทางออนไลน์,ด้านภาพลักษณ์: สร้างชื่อเสียงและภาพลักษณ์ที่ดีของประเทศในระดับนานาชาติ,Success
110,ชาย,18 - 25 ปี,ประกอบอาชีพอิสระ,ทราบ,ป้ายโฆษณา/สื่อประชาสัมพันธ์ภายนอก,สนใจมากที่สุด,เข้าร่วมกิจกรรมประชาสัมพันธ์หรือกิจกรรมเสริมต่างๆ,ด้านเศรษฐกิจ: เพิ่มรายได้จากการท่องเที่ยวและการใช้จ่ายที่เกี่ยวข้อง,Success
111,หญิง,18 - 25 ปี,นักเรียน/นักศึกษา,ไม่ทราบ,เว็บไซต์ข่าว/แอปพลิเคชันข่าว,สนใจน้อย,ซื้อสินค้าหรือของที่ระลึกที่เกี่ยวข้อง,ด้านการท่องเที่ยว: ดึงดูดนักท่องเที่ยวต่างชาติให้เดินทางมาไทยมากขึ้น,Success
112,ชาย,18 - 25 ปี,ประกอบอาชีพอิสระ,ไม่ทราบ,"สื่อสังคมออนไลน์ (เช่น Facebook, Twitter, Instagram, TikTok)",สนใจน้อย,ซื้อสินค้าหรือของที่ระลึกที่เกี่ยวข้อง,ด้านการท่องเที่ยว: ดึงดูดนักท่องเที่ยวต่างชาติให้เดินทางมาไทยมากขึ้น,Success
113,หญิง,26 - 35 ปี,ค้าขาย/เจ้าของธุรกิจ,ทราบ,"สื่อสังคมออนไลน์ (เช่น Facebook, Twitter, Instagram, TikTok)",สนใจมากที่สุด,เข้าร่วมกิจกรรมประชาสัมพันธ์หรือกิจกรรมเสริมต่างๆ,ด้านสังคม: ส่งเสริมการกีฬาและสร้างแรงบันดาลใจให้กับคนในประเทศ,Success
114,หญิง,18 - 25 ปี,ข้าราชการ/พนักงานรัฐวิสาหกิจ,ทราบ,ป้ายโฆษณา/สื่อประชาสัมพันธ์ภายนอก,ไม่สนใจเลย,ชมการถ่ายทอดสดผ่านโทรทัศน์หรือช่องทางออนไลน์,ด้านการท่องเที่ยว: ดึงดูดนักท่องเที่ยวต่างชาติให้เดินทางมาไทยมากขึ้น,Success
115,หญิง,36 - 45 ปี,พนักงานบริษัทเอกชน,ไม่ทราบ,เว็บไซต์ข่าว/แอปพลิเคชันข่าว,สนใจน้อย,เข้าชมการแข่งขันในสนาม,ด้านภาพลักษณ์: สร้างชื่อเสียงและภาพลักษณ์ที่ดีของประเทศในระดับนานาชาติ,Success
116,ชาย,26 - 35 ปี,พนักงานบริษัทเอกชน,ไม่ทราบ,ป้ายโฆษณา/สื่อประชาสัมพันธ์ภายนอก,สนใจมาก,ซื้อสินค้าหรือของที่ระลึกที่เกี่ยวข้อง,ด้านเศรษฐกิจ: เพิ่มรายได้จากการท่องเที่ยวและการใช้จ่ายที่เกี่ยวข้อง,Success
117,หญิง,36 - 45 ปี,พนักงานบริษัทเอกชน,ไม่ทราบ,เว็บไซต์ข่าว/แอปพลิเคชันข่าว,สนใจปานกลาง,ซื้อสินค้าหรือของที่ระลึกที่เกี่ยวข้อง,ด้านภาพลักษณ์: สร้างชื่อเสียงและภาพลักษณ์ที่ดีของประเทศในระดับนานาชาติ,Success
118,ชาย,36 - 45 ปี,ข้าราชการ/พนักงานรัฐวิสาหกิจ,ทราบ,เว็บไซต์ข่าว/แอปพลิเคชันข่าว,สนใจมาก,ชมการถ่ายทอดสดผ่านโทรทัศน์หรือช่องทางออนไลน์,ด้านการท่องเที่ยว: ดึงดูดนักท่องเที่ยวต่างชาติให้เดินทางมาไทยมากขึ้น,Success
119,หญิง,36 - 45 ปี,พนักงานบริษัทเอกชน,ไม่ทราบ,เว็บไซต์ข่าว/แอปพลิเคชันข่าว,สนใจมาก,ซื้อสินค้าหรือของที่ระลึกที่เกี่ยวข้อง,ด้านภาพลักษณ์: สร้างชื่อเสียงและภาพลักษณ์ที่ดีของประเทศในระดับนานาชาติ,Success
120,ชาย,26 - 35 ปี,ข้าราชการ/พนักงานรัฐวิสาหกิจ,ไม่ทราบ,ป้ายโฆษณา/สื่อประชาสัมพันธ์ภายนอก,สนใจปานกลาง,เข้าร่วมกิจกรรมประชาสัมพันธ์หรือกิจกรรมเสริมต่างๆ,ด้านภาพลักษณ์: สร้างชื่อเสียงและภาพลักษณ์ที่ดีของประเทศในระดับนานาชาติ,Success
121,ชาย,26 - 35 ปี,พนักงานบริษัทเอกชน,ทราบ,เว็บไซต์ข่าว/แอปพลิเคชันข่าว,สนใจมาก,เข้าร่วมกิจกรรมประชาสัมพันธ์หรือกิจกรรมเสริมต่างๆ,ด้านเศรษฐกิจ: เพิ่มรายได้จากการท่องเที่ยวและการใช้จ่ายที่เกี่ยวข้อง,Success
122,หญิง,36 - 45 ปี,นักเรียน/นักศึกษา,ทราบ,ป้ายโฆษณา/สื่อประชาสัมพันธ์ภายนอก,สนใจน้อย,ซื้อสินค้าหรือของที่ระลึกที่เกี่ยวข้อง,ด้านภาพลักษณ์: สร้างชื่อเสียงและภาพลักษณ์ที่ดีของประเทศในระดับนานาชาติ,Success
123,ชาย,36 - 45 ปี,ค้าขาย/เจ้าของธุรกิจ,ไม่ทราบ,"สื่อสังคมออนไลน์ (เช่น Facebook, Twitter, Instagram, TikTok)",สนใจมากที่สุด,ซื้อสินค้าหรือของที่ระลึกที่เกี่ยวข้อง,ด้านภาพลักษณ์: สร้างชื่อเสียงและภาพลักษณ์ที่ดีของประเทศในระดับนานาชาติ,Success
124,ชาย,26 - 35 ปี,ค้าขาย/เจ้าของธุรกิจ,ไม่ทราบ,"สื่อสังคมออนไลน์ (เช่น Facebook, Twitter, Instagram, TikTok)",สนใจมากที่สุด,เข้าร่วมกิจกรรมประชาสัมพันธ์หรือกิจกรรมเสริมต่างๆ,ด้านการท่องเที่ยว: ดึงดูดนักท่องเที่ยวต่างชาติให้เดินทางมาไทยมากขึ้น,Success
125,ชาย,36 - 45 ปี,พนักงานบริษัทเอกชน,ไม่ทราบ,"สื่อสังคมออนไลน์ (เช่น Facebook, Twitter, Instagram, TikTok)",สนใจปานกลาง,ซื้อสินค้าหรือของที่ระลึกที่เกี่ยวข้อง,ด้านการท่องเที่ยว: ดึงดูดนักท่องเที่ยวต่างชาติให้เดินทางมาไทยมากขึ้น,Success
126,ชาย,18 - 25 ปี,นักเรียน/นักศึกษา,ไม่ทราบ,"สื่อสังคมออนไลน์ (เช่น Facebook, Twitter, Instagram, TikTok)",สนใจน้อย,ชมการถ่ายทอดสดผ่านโทรทัศน์หรือช่องทางออนไลน์,ด้านสังคม: ส่งเสริมการกีฬาและสร้างแรงบันดาลใจให้กับคนในประเทศ,Success
127,ชาย,36 - 45 ปี,ประกอบอาชีพอิสระ,ไม่ทราบ,เว็บไซต์ข่าว/แอปพลิเคชันข่าว,สนใจน้อย,เข้าชมการแข่งขันในสนาม,ด้านเศรษฐกิจ: เพิ่มรายได้จากการท่องเที่ยวและการใช้จ่ายที่เกี่ยวข้อง,Success
128,ชาย,36 - 45 ปี,ข้าราชการ/พนักงานรัฐวิสาหกิจ,ทราบ,เว็บไซต์ข่าว/แอปพลิเคชันข่าว,สนใจมาก,เข้าชมการแข่งขันในสนาม,ด้านสังคม: ส่งเสริมการกีฬาและสร้างแรงบันดาลใจให้กับคนในประเทศ,Success
129,หญิง,18 - 25 ปี,ค้าขาย/เจ้าของธุรกิจ,ไม่ทราบ,เว็บไซต์ข่าว/แอปพลิเคชันข่าว,สนใจมากที่สุด,เข้าร่วมกิจกรรมประชาสัมพันธ์หรือกิจกรรมเสริมต่างๆ,ด้านสังคม: ส่งเสริมการกีฬาและสร้างแรงบันดาลใจให้กับคนในประเทศ,Success
130,ชาย,36 - 45 ปี,พนักงานบริษัทเอกชน,ทราบ,ป้ายโฆษณา/สื่อประชาสัมพันธ์ภายนอก,สนใจน้อย,เข้าร่วมกิจกรรมประชาสัมพันธ์หรือกิจกรรมเสริมต่างๆ,ด้านสังคม: ส่งเสริมการกีฬาและสร้างแรงบันดาลใจให้กับคนในประเทศ,Success
131,ชาย,36 - 45 ปี,พนักงานบริษัทเอกชน,ทราบ,"สื่อสังคมออนไลน์ (เช่น Facebook, Twitter, Instagram, TikTok)",สนใจมากที่สุด,ซื้อสินค้าหรือของที่ระลึกที่เกี่ยวข้อง,ด้านการท่องเที่ยว: ดึงดูดนักท่องเที่ยวต่างชาติให้เดินทางมาไทยมากขึ้น,Success
132,หญิง,26 - 35 ปี,ข้าราชการ/พนักงานรัฐวิสาหกิจ,ทราบ,"สื่อสังคมออนไลน์ (เช่น Facebook, Twitter, Instagram, TikTok)",สนใจน้อย,ซื้อสินค้าหรือของที่ระลึกที่เกี่ยวข้อง,ด้านการท่องเที่ยว: ดึงดูดนักท่องเที่ยวต่างชาติให้เดินทางมาไทยมากขึ้น,Success
133,หญิง,26 - 35 ปี,นักเรียน/นักศึกษา,ไม่ทราบ,เว็บไซต์ข่าว/แอปพลิเคชันข่าว,สนใจมาก,เข้าชมการแข่งขันในสนาม,ด้านภาพลักษณ์: สร้างชื่อเสียงและภาพลักษณ์ที่ดีของประเทศในระดับนานาชาติ,Success
134,ชาย,36 - 45 ปี,นักเรียน/นักศึกษา,ไม่ทราบ,"สื่อสังคมออนไลน์ (เช่น Facebook, Twitter, Instagram, TikTok)",สนใจมากที่สุด,ชมการถ่ายทอดสดผ่านโทรทัศน์หรือช่องทางออนไลน์,ด้านการท่องเที่ยว: ดึงดูดนักท่องเที่ยวต่างชาติให้เดินทางมาไทยมากขึ้น,Success
135,ชาย,36 - 45 ปี,ค้าขาย/เจ้าของธุรกิจ,ทราบ,เว็บไซต์ข่าว/แอปพลิเคชันข่าว,สนใจน้อย,เข้าร่วมกิจกรรมประชาสัมพันธ์หรือกิจกรรมเสริมต่างๆ,ด้านการท่องเที่ยว: ดึงดูดนักท่องเที่ยวต่างชาติให้เดินทางมาไทยมากขึ้น,Success
136,ชาย,26 - 35 ปี,นักเรียน/นักศึกษา,ทราบ,"สื่อสังคมออนไลน์ (เช่น Facebook, Twitter, Instagram, TikTok)",สนใจมาก,เข้าร่วมกิจกรรมประชาสัมพันธ์หรือกิจกรรมเสริมต่างๆ,ด้านภาพลักษณ์: สร้างชื่อเสียงและภาพลักษณ์ที่ดีของประเทศในระดับนานาชาติ,Success
137,ชาย,26 - 35 ปี,ข้าราชการ/พนักงานรัฐวิสาหกิจ,ไม่ทราบ,เว็บไซต์ข่าว/แอปพลิเคชันข่าว,สนใจปานกลาง,เข้าชมการแข่งขันในสนาม,ด้านภาพลักษณ์: สร้างชื่อเสียงและภาพลักษณ์ที่ดีของประเทศในระดับนานาชาติ,Success
138,ชาย,18 - 25 ปี,ข้าราชการ/พนักงานรัฐวิสาหกิจ,ไม่ทราบ,เว็บไซต์ข่าว/แอปพลิเคชันข่าว,สนใจมากที่สุด,ซื้อสินค้าหรือของที่ระลึกที่เกี่ยวข้อง,ด้านการท่องเที่ยว: ดึงดูดนักท่องเที่ยวต่างชาติให้เดินทางมาไทยมากขึ้น,Success
139,ชาย,26 - 35 ปี,ค้าขาย/เจ้าของธุรกิจ,ไม่ทราบ,เว็บไซต์ข่าว/แอปพลิเคชันข่าว,สนใจน้อย,ชมการถ่ายทอดสดผ่านโทรทัศน์หรือช่องทางออนไลน์,ด้านสังคม: ส่งเสริมการกีฬาและสร้างแรงบันดาลใจให้กับคนในประเทศ,Success
140,หญิง,26 - 35 ปี,พนักงานบริษัทเอกชน,ไม่ทราบ,ป้ายโฆษณา/สื่อประชาสัมพันธ์ภายนอก,สนใจมาก,ชมการถ่ายทอดสดผ่านโทรทัศน์หรือช่องทางออนไลน์,ด้านเศรษฐกิจ: เพิ่มรายได้จากการท่องเที่ยวและการใช้จ่ายที่เกี่ยวข้อง,Success
141,หญิง,18 - 25 ปี,ประกอบอาชีพอิสระ,ไม่ทราบ,"สื่อสังคมออนไลน์ (เช่น Facebook, Twitter, Instagram, TikTok)",สนใจมากที่สุด,ชมการถ่ายทอดสดผ่านโทรทัศน์หรือช่องทางออนไลน์,ด้านการท่องเที่ยว: ดึงดูดนักท่องเที่ยวต่างชาติให้เดินทางมาไทยมากขึ้น,Success
142,ชาย,18 - 25 ปี,พนักงานบริษัทเอกชน,ทราบ,"สื่อสังคมออนไลน์ (เช่น Facebook, Twitter, Instagram, TikTok)",ไม่สนใจเลย,เข้าชมการแข่งขันในสนาม,ด้านเศรษฐกิจ: เพิ่มรายได้จากการท่องเที่ยวและการใช้จ่ายที่เกี่ยวข้อง,Success
143,หญิง,36 - 45 ปี,ข้าราชการ/พนักงานรัฐวิสาหกิจ,ทราบ,ป้ายโฆษณา/สื่อประชาสัมพันธ์ภายนอก,สนใจมากที่สุด,ซื้อสินค้าหรือของที่ระลึกที่เกี่ยวข้อง,ด้านภาพลักษณ์: สร้างชื่อเสียงและภาพลักษณ์ที่ดีของประเทศในระดับนานาชาติ,Success
144,หญิง,26 - 35 ปี,นักเรียน/นักศึกษา,ทราบ,ป้ายโฆษณา/สื่อประชาสัมพันธ์ภายนอก,ไม่สนใจเลย,ซื้อสินค้าหรือของที่ระลึกที่เกี่ยวข้อง,ด้านสังคม: ส่งเสริมการกีฬาและสร้างแรงบันดาลใจให้กับคนในประเทศ,Success
145,หญิง,26 - 35 ปี,พนักงานบริษัทเอกชน,ทราบ,ป้ายโฆษณา/สื่อประชาสัมพันธ์ภายนอก,สนใจมาก,เข้าชมการแข่งขันในสนาม,ด้านการท่องเที่ยว: ดึงดูดนักท่องเที่ยวต่างชาติให้เดินทางมาไทยมากขึ้น,Success
146,หญิง,36 - 45 ปี,ค้าขาย/เจ้าของธุรกิจ,ทราบ,เว็บไซต์ข่าว/แอปพลิเคชันข่าว,ไม่สนใจเลย,ชมการถ่ายทอดสดผ่านโทรทัศน์หรือช่องทางออนไลน์,ด้านเศรษฐกิจ: เพิ่มรายได้จากการท่องเที่ยวและการใช้จ่ายที่เกี่ยวข้อง,Success
147,หญิง,26 - 35 ปี,พนักงานบริษัทเอกชน,ไม่ทราบ,"สื่อสังคมออนไลน์ (เช่น Facebook, Twitter, Instagram, TikTok)",สนใจน้อย,เข้าร่วมกิจกรรมประชาสัมพันธ์หรือกิจกรรมเสริมต่างๆ,ด้านเศรษฐกิจ: เพิ่มรายได้จากการท่องเที่ยวและการใช้จ่ายที่เกี่ยวข้อง,Success
148,หญิง,26 - 35 ปี,ค้าขาย/เจ้าของธุรกิจ,ไม่ทราบ,"สื่อสังคมออนไลน์ (เช่น Facebook, Twitter, Instagram, TikTok)",ไม่สนใจเลย,เข้าร่วมกิจกรรมประชาสัมพันธ์หรือกิจกรรมเสริมต่างๆ,ด้านการท่องเที่ยว: ดึงดูดนักท่องเที่ยวต่างชาติให้เดินทางมาไทยมากขึ้น,Success
149,หญิง,36 - 45 ปี,นักเรียน/นักศึกษา,ทราบ,เว็บไซต์ข่าว/แอปพลิเคชันข่าว,ไม่สนใจเลย,ชมการถ่ายทอดสดผ่านโทรทัศน์หรือช่องทางออนไลน์,ด้านสังคม: ส่งเสริมการกีฬาและสร้างแรงบันดาลใจให้กับคนในประเทศ,Success
150,ชาย,26 - 35 ปี,พนักงานบริษัทเอกชน,ไม่ทราบ,เว็บไซต์ข่าว/แอปพลิเคชันข่าว,ไม่สนใจเลย,ชมการถ่ายทอดสดผ่านโทรทัศน์หรือช่องทางออนไลน์,ด้านสังคม: ส่งเสริมการกีฬาและสร้างแรงบันดาลใจให้กับคนในประเทศ,Success
151,ชาย,36 - 45 ปี,ข้าราชการ/พนักงานรัฐวิสาหกิจ,ไม่ทราบ,"สื่อสังคมออนไลน์ (เช่น Facebook, Twitter, Instagram, TikTok)",ไม่สนใจเลย,เข้าชมการแข่งขันในสนาม,ด้านภาพลักษณ์: สร้างชื่อเสียงและภาพลักษณ์ที่ดีของประเทศในระดับนานาชาติ,Success
152,ชาย,18 - 25 ปี,นักเรียน/นักศึกษา,ไม่ทราบ,เว็บไซต์ข่าว/แอปพลิเคชันข่าว,สนใจมากที่สุด,เข้าชมการแข่งขันในสนาม,ด้านภาพลักษณ์: สร้างชื่อเสียงและภาพลักษณ์ที่ดีของประเทศในระดับนานาชาติ,Success
153,หญิง,18 - 25 ปี,พนักงานบริษัทเอกชน,ทราบ,เว็บไซต์ข่าว/แอปพลิเคชันข่าว,สนใจมาก,ซื้อสินค้าหรือของที่ระลึกที่เกี่ยวข้อง,ด้านภาพลักษณ์: สร้างชื่อเสียงและภาพลักษณ์ที่ดีของประเทศในระดับนานาชาติ,Success
154,หญิง,26 - 35 ปี,ค้าขาย/เจ้าของธุรกิจ,ทราบ,"สื่อสังคมออนไลน์ (เช่น Facebook, Twitter, Instagram, TikTok)",สนใจมากที่สุด,เข้าร่วมกิจกรรมประชาสัมพันธ์หรือกิจกรรมเสริมต่างๆ,ด้านภาพลักษณ์: สร้างชื่อเสียงและภาพลักษณ์ที่ดีของประเทศในระดับนานาชาติ,Success
155,หญิง,18 - 25 ปี,ค้าขาย/เจ้าของธุรกิจ,ไม่ทราบ,เว็บไซต์ข่าว/แอปพลิเคชันข่าว,สนใจปานกลาง,เข้าร่วมกิจกรรมประชาสัมพันธ์หรือกิจกรรมเสริมต่างๆ,ด้านการท่องเที่ยว: ดึงดูดนักท่องเที่ยวต่างชาติให้เดินทางมาไทยมากขึ้น,Success
156,ชาย,18 - 25 ปี,ค้าขาย/เจ้าของธุรกิจ,ไม่ทราบ,เว็บไซต์ข่าว/แอปพลิเคชันข่าว,สนใจมาก,เข้าร่วมกิจกรรมประชาสัมพันธ์หรือกิจกรรมเสริมต่างๆ,ด้านสังคม: ส่งเสริมการกีฬาและสร้างแรงบันดาลใจให้กับคนในประเทศ,Success
157,ชาย,26 - 35 ปี,ประกอบอาชีพอิสระ,ทราบ,ป้ายโฆษณา/สื่อประชาสัมพันธ์ภายนอก,สนใจปานกลาง,เข้าชมการแข่งขันในสนาม,ด้านเศรษฐกิจ: เพิ่มรายได้จากการท่องเที่ยวและการใช้จ่ายที่เกี่ยวข้อง,Success
158,หญิง,36 - 45 ปี,พนักงานบริษัทเอกชน,ทราบ,ป้ายโฆษณา/สื่อประชาสัมพันธ์ภายนอก,สนใจมาก,ชมการถ่ายทอดสดผ่านโทรทัศน์หรือช่องทางออนไลน์,ด้านเศรษฐกิจ: เพิ่มรายได้จากการท่องเที่ยวและการใช้จ่ายที่เกี่ยวข้อง,Success
159,หญิง,36 - 45 ปี,นักเรียน/นักศึกษา,ไม่ทราบ,เว็บไซต์ข่าว/แอปพลิเคชันข่าว,สนใจปานกลาง,ชมการถ่ายทอดสดผ่านโทรทัศน์หรือช่องทางออนไลน์,ด้านสังคม: ส่งเสริมการกีฬาและสร้างแรงบันดาลใจให้กับคนในประเทศ,Success
160,หญิง,26 - 35 ปี,นักเรียน/นักศึกษา,ทราบ,ป้ายโฆษณา/สื่อประชาสัมพันธ์ภายนอก,สนใจมาก,ชมการถ่ายทอดสดผ่านโทรทัศน์หรือช่องทางออนไลน์,ด้านสังคม: ส่งเสริมการกีฬาและสร้างแรงบันดาลใจให้กับคนในประเทศ,Success
161,หญิง,18 - 25 ปี,ค้าขาย/เจ้าของธุรกิจ,ทราบ,ป้ายโฆษณา/สื่อประชาสัมพันธ์ภายนอก,สนใจน้อย,เข้าร่วมกิจกรรมประชาสัมพันธ์หรือกิจกรรมเสริมต่างๆ,ด้านเศรษฐกิจ: เพิ่มรายได้จากการท่องเที่ยวและการใช้จ่ายที่เกี่ยวข้อง,Success
162,ชาย,26 - 35 ปี,ประกอบอาชีพอิสระ,ทราบ,"สื่อสังคมออนไลน์ (เช่น Facebook, Twitter, Instagram, TikTok)",สนใจน้อย,ซื้อสินค้าหรือของที่ระลึกที่เกี่ยวข้อง,ด้านการท่องเที่ยว: ดึงดูดนักท่องเที่ยวต่างชาติให้เดินทางมาไทยมากขึ้น,Success
163,ชาย,26 - 35 ปี,นักเรียน/นักศึกษา,ไม่ทราบ,เว็บไซต์ข่าว/แอปพลิเคชันข่าว,สนใจมาก,ชมการถ่ายทอดสดผ่านโทรทัศน์หรือช่องทางออนไลน์,ด้านการท่องเที่ยว: ดึงดูดนักท่องเที่ยวต่างชาติให้เดินทางมาไทยมากขึ้น,Success
164,ชาย,26 - 35 ปี,พนักงานบริษัทเอกชน,ไม่ทราบ,ป้ายโฆษณา/สื่อประชาสัมพันธ์ภายนอก,ไม่สนใจเลย,ซื้อสินค้าหรือของที่ระลึกที่เกี่ยวข้อง,ด้านภาพลักษณ์: สร้างชื่อเสียงและภาพลักษณ์ที่ดีของประเทศในระดับนานาชาติ,Success
165,หญิง,18 - 25 ปี,ข้าราชการ/พนักงานรัฐวิสาหกิจ,ทราบ,เว็บไซต์ข่าว/แอปพลิเคชันข่าว,สนใจน้อย,ซื้อสินค้าหรือของที่ระลึกที่เกี่ยวข้อง,ด้านสังคม: ส่งเสริมการกีฬาและสร้างแรงบันดาลใจให้กับคนในประเทศ,Success
166,หญิง,36 - 45 ปี,ข้าราชการ/พนักงานรัฐวิสาหกิจ,ทราบ,เว็บไซต์ข่าว/แอปพลิเคชันข่าว,ไม่สนใจเลย,ซื้อสินค้าหรือของที่ระลึกที่เกี่ยวข้อง,ด้านการท่องเที่ยว: ดึงดูดนักท่องเที่ยวต่างชาติให้เดินทางมาไทยมากขึ้น,Success
167,ชาย,26 - 35 ปี,ประกอบอาชีพอิสระ,ไม่ทราบ,"สื่อสังคมออนไลน์ (เช่น Facebook, Twitter, Instagram, TikTok)",สนใจมากที่สุด,เข้าชมการแข่งขันในสนาม,ด้านภาพลักษณ์: สร้างชื่อเสียงและภาพลักษณ์ที่ดีของประเทศในระดับนานาชาติ,Success
168,ชาย,36 - 45 ปี,พนักงานบริษัทเอกชน,ไม่ทราบ,ป้ายโฆษณา/สื่อประชาสัมพันธ์ภายนอก,ไม่สนใจเลย,เข้าร่วมกิจกรรมประชาสัมพันธ์หรือกิจกรรมเสริมต่างๆ,ด้านภาพลักษณ์: สร้างชื่อเสียงและภาพลักษณ์ที่ดีของประเทศในระดับนานาชาติ,Success
169,หญิง,18 - 25 ปี,ค้าขาย/เจ้าของธุรกิจ,ไม่ทราบ,"สื่อสังคมออนไลน์ (เช่น Facebook, Twitter, Instagram, TikTok)",สนใจน้อย,เข้าร่วมกิจกรรมประชาสัมพันธ์หรือกิจกรรมเสริมต่างๆ,ด้านสังคม: ส่งเสริมการกีฬาและสร้างแรงบันดาลใจให้กับคนในประเทศ,Success
170,ชาย,36 - 45 ปี,ประกอบอาชีพอิสระ,ไม่ทราบ,"สื่อสังคมออนไลน์ (เช่น Facebook, Twitter, Instagram, TikTok)",สนใจมาก,เข้าชมการแข่งขันในสนาม,ด้านภาพลักษณ์: สร้างชื่อเสียงและภาพลักษณ์ที่ดีของประเทศในระดับนานาชาติ,Success
171,หญิง,36 - 45 ปี,นักเรียน/นักศึกษา,ทราบ,ป้ายโฆษณา/สื่อประชาสัมพันธ์ภายนอก,สนใจน้อย,ซื้อสินค้าหรือของที่ระลึกที่เกี่ยวข้อง,ด้านการท่องเที่ยว: ดึงดูดนักท่องเที่ยวต่างชาติให้เดินทางมาไทยมากขึ้น,Success
172,ชาย,36 - 45 ปี,ค้าขาย/เจ้าของธุรกิจ,ไม่ทราบ,เว็บไซต์ข่าว/แอปพลิเคชันข่าว,สนใจมาก,เข้าชมการแข่งขันในสนาม,ด้านสังคม: ส่งเสริมการกีฬาและสร้างแรงบันดาลใจให้กับคนในประเทศ,Success
173,ชาย,36 - 45 ปี,ข้าราชการ/พนักงานรัฐวิสาหกิจ,ทราบ,เว็บไซต์ข่าว/แอปพลิเคชันข่าว,สนใจน้อย,ชมการถ่ายทอดสดผ่านโทรทัศน์หรือช่องทางออนไลน์,ด้านการท่องเที่ยว: ดึงดูดนักท่องเที่ยวต่างชาติให้เดินทางมาไทยมากขึ้น,Success
174,ชาย,18 - 25 ปี,พนักงานบริษัทเอกชน,ไม่ทราบ,เว็บไซต์ข่าว/แอปพลิเคชันข่าว,สนใจมากที่สุด,เข้าร่วมกิจกรรมประชาสัมพันธ์หรือกิจกรรมเสริมต่างๆ,ด้านเศรษฐกิจ: เพิ่มรายได้จากการท่องเที่ยวและการใช้จ่ายที่เกี่ยวข้อง,Success
175,หญิง,26 - 35 ปี,ข้าราชการ/พนักงานรัฐวิสาหกิจ,ไม่ทราบ,"สื่อสังคมออนไลน์ (เช่น Facebook, Twitter, Instagram, TikTok)",ไม่สนใจเลย,เข้าร่วมกิจกรรมประชาสัมพันธ์หรือกิจกรรมเสริมต่างๆ,ด้านการท่องเที่ยว: ดึงดูดนักท่องเที่ยวต่างชาติให้เดินทางมาไทยมากขึ้น,Success
176,ชาย,36 - 45 ปี,ข้าราชการ/พนักงานรัฐวิสาหกิจ,ทราบ,ป้ายโฆษณา/สื่อประชาสัมพันธ์ภายนอก,สนใจปานกลาง,ชมการถ่ายทอดสดผ่านโทรทัศน์หรือช่องทางออนไลน์,ด้านภาพลักษณ์: สร้างชื่อเสียงและภาพลักษณ์ที่ดีของประเทศในระดับนานาชาติ,Success
177,หญิง,26 - 35 ปี,นักเรียน/นักศึกษา,ไม่ทราบ,เว็บไซต์ข่าว/แอปพลิเคชันข่าว,ไม่สนใจเลย,ชมการถ่ายทอดสดผ่านโทรทัศน์หรือช่องทางออนไลน์,ด้านภาพลักษณ์: สร้างชื่อเสียงและภาพลักษณ์ที่ดีของประเทศในระดับนานาชาติ,Success
178,ชาย,18 - 25 ปี,พนักงานบริษัทเอกชน,ทราบ,ป้ายโฆษณา/สื่อประชาสัมพันธ์ภายนอก,สนใจปานกลาง,ชมการถ่ายทอดสดผ่านโทรทัศน์หรือช่องทางออนไลน์,ด้านการท่องเที่ยว: ดึงดูดนักท่องเที่ยวต่างชาติให้เดินทางมาไทยมากขึ้น,Success
179,ชาย,26 - 35 ปี,พนักงานบริษัทเอกชน,ไม่ทราบ,เว็บไซต์ข่าว/แอปพลิเคชันข่าว,สนใจมาก,ซื้อสินค้าหรือของที่ระลึกที่เกี่ยวข้อง,ด้านเศรษฐกิจ: เพิ่มรายได้จากการท่องเที่ยวและการใช้จ่ายที่เกี่ยวข้อง,Success
180,หญิง,26 - 35 ปี,นักเรียน/นักศึกษา,ไม่ทราบ,ป้ายโฆษณา/สื่อประชาสัมพันธ์ภายนอก,สนใจมาก,เข้าชมการแข่งขันในสนาม,ด้านการท่องเที่ยว: ดึงดูดนักท่องเที่ยวต่างชาติให้เดินทางมาไทยมากขึ้น,Success
181,หญิง,18 - 25 ปี,ข้าราชการ/พนักงานรัฐวิสาหกิจ,ทราบ,"สื่อสังคมออนไลน์ (เช่น Facebook, Twitter, Instagram, TikTok)",สนใจน้อย,ซื้อสินค้าหรือของที่ระลึกที่เกี่ยวข้อง,ด้านภาพลักษณ์: สร้างชื่อเสียงและภาพลักษณ์ที่ดีของประเทศในระดับนานาชาติ,Success
182,ชาย,36 - 45 ปี,ข้าราชการ/พนักงานรัฐวิสาหกิจ,ไม่ทราบ,"สื่อสังคมออนไลน์ (เช่น Facebook, Twitter, Instagram, TikTok)",สนใจน้อย,เข้าร่วมกิจกรรมประชาสัมพันธ์หรือกิจกรรมเสริมต่างๆ,ด้านเศรษฐกิจ: เพิ่มรายได้จากการท่องเที่ยวและการใช้จ่ายที่เกี่ยวข้อง,Success
183,หญิง,18 - 25 ปี,ข้าราชการ/พนักงานรัฐวิสาหกิจ,ไม่ทราบ,"สื่อสังคมออนไลน์ (เช่น Facebook, Twitter, Instagram, TikTok)",สนใจมากที่สุด,เข้าร่วมกิจกรรมประชาสัมพันธ์หรือกิจกรรมเสริมต่างๆ,ด้านเศรษฐกิจ: เพิ่มรายได้จากการท่องเที่ยวและการใช้จ่ายที่เกี่ยวข้อง,Success
184,ชาย,36 - 45 ปี,ประกอบอาชีพอิสระ,ไม่ทราบ,"สื่อสังคมออนไลน์ (เช่น Facebook, Twitter, Instagram, TikTok)",สนใจมากที่สุด,เข้าชมการแข่งขันในสนาม,ด้านเศรษฐกิจ: เพิ่มรายได้จากการท่องเที่ยวและการใช้จ่ายที่เกี่ยวข้อง,Success
185,หญิง,26 - 35 ปี,นักเรียน/นักศึกษา,ไม่ทราบ,เว็บไซต์ข่าว/แอปพลิเคชันข่าว,ไม่สนใจเลย,ชมการถ่ายทอดสดผ่านโทรทัศน์หรือช่องทางออนไลน์,ด้านสังคม: ส่งเสริมการกีฬาและสร้างแรงบันดาลใจให้กับคนในประเทศ,Success
186,หญิง,26 - 35 ปี,ค้าขาย/เจ้าของธุรกิจ,ทราบ,"สื่อสังคมออนไลน์ (เช่น Facebook, Twitter, Instagram, TikTok)",สนใจปานกลาง,ชมการถ่ายทอดสดผ่านโทรทัศน์หรือช่องทางออนไลน์,ด้านสังคม: ส่งเสริมการกีฬาและสร้างแรงบันดาลใจให้กับคนในประเทศ,Success
187,ชาย,36 - 45 ปี,ข้าราชการ/พนักงานรัฐวิสาหกิจ,ไม่ทราบ,ป้ายโฆษณา/สื่อประชาสัมพันธ์ภายนอก,ไม่สนใจเลย,ชมการถ่ายทอดสดผ่านโทรทัศน์หรือช่องทางออนไลน์,ด้านการท่องเที่ยว: ดึงดูดนักท่องเที่ยวต่างชาติให้เดินทางมาไทยมากขึ้น,Success
188,ชาย,36 - 45 ปี,ค้าขาย/เจ้าของธุรกิจ,ไม่ทราบ,ป้ายโฆษณา/สื่อประชาสัมพันธ์ภายนอก,สนใจมาก,เข้าชมการแข่งขันในสนาม,ด้านการท่องเที่ยว: ดึงดูดนักท่องเที่ยวต่างชาติให้เดินทางมาไทยมากขึ้น,Success
189,ชาย,36 - 45 ปี,พนักงานบริษัทเอกชน,ทราบ,"สื่อสังคมออนไลน์ (เช่น Facebook, Twitter, Instagram, TikTok)",สนใจปานกลาง,เข้าชมการแข่งขันในสนาม,ด้านการท่องเที่ยว: ดึงดูดนักท่องเที่ยวต่างชาติให้เดินทางมาไทยมากขึ้น,Success
190,หญิง,36 - 45 ปี,ค้าขาย/เจ้าของธุรกิจ,ไม่ทราบ,"สื่อสังคมออนไลน์ (เช่น Facebook, Twitter, Instagram, TikTok)",ไม่สนใจเลย,ชมการถ่ายทอดสดผ่านโทรทัศน์หรือช่องทางออนไลน์,ด้านสังคม: ส่งเสริมการกีฬาและสร้างแรงบันดาลใจให้กับคนในประเทศ,Success
191,ชาย,18 - 25 ปี,พนักงานบริษัทเอกชน,ไม่ทราบ,ป้ายโฆษณา/สื่อประชาสัมพันธ์ภายนอก,สนใจปานกลาง,ชมการถ่ายทอดสดผ่านโทรทัศน์หรือช่องทางออนไลน์,ด้านเศรษฐกิจ: เพิ่มรายได้จากการท่องเที่ยวและการใช้จ่ายที่เกี่ยวข้อง,Success
192,หญิง,26 - 35 ปี,ข้าราชการ/พนักงานรัฐวิสาหกิจ,ไม่ทราบ,เว็บไซต์ข่าว/แอปพลิเคชันข่าว,สนใจปานกลาง,ชมการถ่ายทอดสดผ่านโทรทัศน์หรือช่องทางออนไลน์,ด้านการท่องเที่ยว: ดึงดูดนักท่องเที่ยวต่างชาติให้เดินทางมาไทยมากขึ้น,Success
193,ชาย,18 - 25 ปี,ประกอบอาชีพอิสระ,ทราบ,"สื่อสังคมออนไลน์ (เช่น Facebook, Twitter, Instagram, TikTok)",สนใจมากที่สุด,ชมการถ่ายทอดสดผ่านโทรทัศน์หรือช่องทางออนไลน์,ด้านสังคม: ส่งเสริมการกีฬาและสร้างแรงบันดาลใจให้กับคนในประเทศ,Success
194,ชาย,36 - 45 ปี,ข้าราชการ/พนักงานรัฐวิสาหกิจ,ไม่ทราบ,"สื่อสังคมออนไลน์ (เช่น Facebook, Twitter, Instagram, TikTok)",สนใจมากที่สุด,ซื้อสินค้าหรือของที่ระลึกที่เกี่ยวข้อง,ด้านการท่องเที่ยว: ดึงดูดนักท่องเที่ยวต่างชาติให้เดินทางมาไทยมากขึ้น,Success
195,หญิง,26 - 35 ปี,พนักงานบริษัทเอกชน,ไม่ทราบ,เว็บไซต์ข่าว/แอปพลิเคชันข่าว,สนใจปานกลาง,ซื้อสินค้าหรือของที่ระลึกที่เกี่ยวข้อง,ด้านภาพลักษณ์: สร้างชื่อเสียงและภาพลักษณ์ที่ดีของประเทศในระดับนานาชาติ,Success
196,ชาย,18 - 25 ปี,ประกอบอาชีพอิสระ,ไม่ทราบ,ป้ายโฆษณา/สื่อประชาสัมพันธ์ภายนอก,สนใจมาก,เข้าร่วมกิจกรรมประชาสัมพันธ์หรือกิจกรรมเสริมต่างๆ,ด้านสังคม: ส่งเสริมการกีฬาและสร้างแรงบันดาลใจให้กับคนในประเทศ,Success
197,ชาย,36 - 45 ปี,พนักงานบริษัทเอกชน,ไม่ทราบ,"สื่อสังคมออนไลน์ (เช่น Facebook, Twitter, Instagram, TikTok)",ไม่สนใจเลย,เข้าชมการแข่งขันในสนาม,ด้านภาพลักษณ์: สร้างชื่อเสียงและภาพลักษณ์ที่ดีของประเทศในระดับนานาชาติ,Success
198,หญิง,36 - 45 ปี,ค้าขาย/เจ้าของธุรกิจ,ทราบ,"สื่อสังคมออนไลน์ (เช่น Facebook, Twitter, Instagram, TikTok)",ไม่สนใจเลย,เข้าชมการแข่งขันในสนาม,ด้านภาพลักษณ์: สร้างชื่อเสียงและภาพลักษณ์ที่ดีของประเทศในระดับนานาชาติ,Success
199,ชาย,36 - 45 ปี,ข้าราชการ/พนักงานรัฐวิสาหกิจ,ไม่ทราบ,ป้ายโฆษณา/สื่อประชาสัมพันธ์ภายนอก,สนใจน้อย,ซื้อสินค้าหรือของที่ระลึกที่เกี่ยวข้อง,ด้านสังคม: ส่งเสริมการกีฬาและสร้างแรงบันดาลใจให้กับคนในประเทศ,Success
200,หญิง,26 - 35 ปี,นักเรียน/นักศึกษา,ไม่ทราบ,ป้ายโฆษณา/สื่อประชาสัมพันธ์ภายนอก,สนใจมากที่สุด,ชมการถ่ายทอดสดผ่านโทรทัศน์หรือช่องทางออนไลน์,ด้านเศรษฐกิจ: เพิ่มรายได้จากการท่องเที่ยวและการใช้จ่ายที่เกี่ยวข้อง,Success
201,ชาย,18 - 25 ปี,พนักงานบริษัทเอกชน,ทราบ,"สื่อสังคมออนไลน์ (เช่น Facebook, Twitter, Instagram, TikTok)",สนใจมากที่สุด,เข้าร่วมกิจกรรมประชาสัมพันธ์หรือกิจกรรมเสริมต่างๆ,ด้านสังคม: ส่งเสริมการกีฬาและสร้างแรงบันดาลใจให้กับคนในประเทศ,Success
202,ชาย,26 - 35 ปี,ประกอบอาชีพอิสระ,ไม่ทราบ,ป้ายโฆษณา/สื่อประชาสัมพันธ์ภายนอก,สนใจน้อย,เข้าร่วมกิจกรรมประชาสัมพันธ์หรือกิจกรรมเสริมต่างๆ,ด้านการท่องเที่ยว: ดึงดูดนักท่องเที่ยวต่างชาติให้เดินทางมาไทยมากขึ้น,Success
203,ชาย,36 - 45 ปี,ค้าขาย/เจ้าของธุรกิจ,ไม่ทราบ,ป้ายโฆษณา/สื่อประชาสัมพันธ์ภายนอก,สนใจน้อย,เข้าร่วมกิจกรรมประชาสัมพันธ์หรือกิจกรรมเสริมต่างๆ,ด้านการท่องเที่ยว: ดึงดูดนักท่องเที่ยวต่างชาติให้เดินทางมาไทยมากขึ้น,Success
204,ชาย,26 - 35 ปี,นักเรียน/นักศึกษา,ไม่ทราบ,"สื่อสังคมออนไลน์ (เช่น Facebook, Twitter, Instagram, TikTok)",สนใจน้อย,เข้าชมการแข่งขันในสนาม,ด้านการท่องเที่ยว: ดึงดูดนักท่องเที่ยวต่างชาติให้เดินทางมาไทยมากขึ้น,Success
205,หญิง,36 - 45 ปี,พนักงานบริษัทเอกชน,ไม่ทราบ,เว็บไซต์ข่าว/แอปพลิเคชันข่าว,ไม่สนใจเลย,ชมการถ่ายทอดสดผ่านโทรทัศน์หรือช่องทางออนไลน์,ด้านสังคม: ส่งเสริมการกีฬาและสร้างแรงบันดาลใจให้กับคนในประเทศ,Success
206,ชาย,36 - 45 ปี,ค้าขาย/เจ้าของธุรกิจ,ทราบ,ป้ายโฆษณา/สื่อประชาสัมพันธ์ภายนอก,สนใจปานกลาง,ซื้อสินค้าหรือของที่ระลึกที่เกี่ยวข้อง,ด้านภาพลักษณ์: สร้างชื่อเสียงและภาพลักษณ์ที่ดีของประเทศในระดับนานาชาติ,Success
207,ชาย,18 - 25 ปี,ประกอบอาชีพอิสระ,ทราบ,"สื่อสังคมออนไลน์ (เช่น Facebook, Twitter, Instagram, TikTok)",สนใจน้อย,ชมการถ่ายทอดสดผ่านโทรทัศน์หรือช่องทางออนไลน์,ด้านการท่องเที่ยว: ดึงดูดนักท่องเที่ยวต่างชาติให้เดินทางมาไทยมากขึ้น,Success
208,ชาย,26 - 35 ปี,ค้าขาย/เจ้าของธุรกิจ,ทราบ,เว็บไซต์ข่าว/แอปพลิเคชันข่าว,สนใจมากที่สุด,เข้าร่วมกิจกรรมประชาสัมพันธ์หรือกิจกรรมเสริมต่างๆ,ด้านสังคม: ส่งเสริมการกีฬาและสร้างแรงบันดาลใจให้กับคนในประเทศ,Success
209,ชาย,36 - 45 ปี,นักเรียน/นักศึกษา,ไม่ทราบ,"สื่อสังคมออนไลน์ (เช่น Facebook, Twitter, Instagram, TikTok)",สนใจมากที่สุด,ซื้อสินค้าหรือของที่ระลึกที่เกี่ยวข้อง,ด้านการท่องเที่ยว: ดึงดูดนักท่องเที่ยวต่างชาติให้เดินทางมาไทยมากขึ้น,Success
210,หญิง,36 - 45 ปี,ข้าราชการ/พนักงานรัฐวิสาหกิจ,ทราบ,ป้ายโฆษณา/สื่อประชาสัมพันธ์ภายนอก,สนใจปานกลาง,เข้าชมการแข่งขันในสนาม,ด้านภาพลักษณ์: สร้างชื่อเสียงและภาพลักษณ์ที่ดีของประเทศในระดับนานาชาติ,Success
211,หญิง,18 - 25 ปี,ประกอบอาชีพอิสระ,ทราบ,เว็บไซต์ข่าว/แอปพลิเคชันข่าว,สนใจมาก,เข้าชมการแข่งขันในสนาม,ด้านการท่องเที่ยว: ดึงดูดนักท่องเที่ยวต่างชาติให้เดินทางมาไทยมากขึ้น,Success
212,ชาย,36 - 45 ปี,ค้าขาย/เจ้าของธุรกิจ,ไม่ทราบ,"สื่อสังคมออนไลน์ (เช่น Facebook, Twitter, Instagram, TikTok)",สนใจมาก,เข้าชมการแข่งขันในสนาม,ด้านสังคม: ส่งเสริมการกีฬาและสร้างแรงบันดาลใจให้กับคนในประเทศ,Success
213,หญิง,26 - 35 ปี,ค้าขาย/เจ้าของธุรกิจ,ทราบ,เว็บไซต์ข่าว/แอปพลิเคชันข่าว,สนใจมาก,เข้าชมการแข่งขันในสนาม,ด้านสังคม: ส่งเสริมการกีฬาและสร้างแรงบันดาลใจให้กับคนในประเทศ,Success
214,หญิง,36 - 45 ปี,นักเรียน/นักศึกษา,ทราบ,"สื่อสังคมออนไลน์ (เช่น Facebook, Twitter, Instagram, TikTok)",สนใจมากที่สุด,ชมการถ่ายทอดสดผ่านโทรทัศน์หรือช่องทางออนไลน์,ด้านภาพลักษณ์: สร้างชื่อเสียงและภาพลักษณ์ที่ดีของประเทศในระดับนานาชาติ,Success
215,ชาย,18 - 25 ปี,ข้าราชการ/พนักงานรัฐวิสาหกิจ,ทราบ,เว็บไซต์ข่าว/แอปพลิเคชันข่าว,สนใจมาก,เข้าร่วมกิจกรรมประชาสัมพันธ์หรือกิจกรรมเสริมต่างๆ,ด้านการท่องเที่ยว: ดึงดูดนักท่องเที่ยวต่างชาติให้เดินทางมาไทยมากขึ้น,Success
216,ชาย,26 - 35 ปี,พนักงานบริษัทเอกชน,ไม่ทราบ,ป้ายโฆษณา/สื่อประชาสัมพันธ์ภายนอก,สนใจมากที่สุด,ชมการถ่ายทอดสดผ่านโทรทัศน์หรือช่องทางออนไลน์,ด้านภาพลักษณ์: สร้างชื่อเสียงและภาพลักษณ์ที่ดีของประเทศในระดับนานาชาติ,Success
217,หญิง,26 - 35 ปี,ข้าราชการ/พนักงานรัฐวิสาหกิจ,ไม่ทราบ,เว็บไซต์ข่าว/แอปพลิเคชันข่าว,สนใจมากที่สุด,ซื้อสินค้าหรือของที่ระลึกที่เกี่ยวข้อง,ด้านเศรษฐกิจ: เพิ่มรายได้จากการท่องเที่ยวและการใช้จ่ายที่เกี่ยวข้อง,Success
218,ชาย,18 - 25 ปี,ประกอบอาชีพอิสระ,ทราบ,"สื่อสังคมออนไลน์ (เช่น Facebook, Twitter, Instagram, TikTok)",สนใจมากที่สุด,ชมการถ่ายทอดสดผ่านโทรทัศน์หรือช่องทางออนไลน์,ด้านภาพลักษณ์: สร้างชื่อเสียงและภาพลักษณ์ที่ดีของประเทศในระดับนานาชาติ,Success
219,หญิง,36 - 45 ปี,พนักงานบริษัทเอกชน,ทราบ,"สื่อสังคมออนไลน์ (เช่น Facebook, Twitter, Instagram, TikTok)",สนใจน้อย,เข้าชมการแข่งขันในสนาม,ด้านการท่องเที่ยว: ดึงดูดนักท่องเที่ยวต่างชาติให้เดินทางมาไทยมากขึ้น,Success
220,ชาย,36 - 45 ปี,ข้าราชการ/พนักงานรัฐวิสาหกิจ,ทราบ,"สื่อสังคมออนไลน์ (เช่น Facebook, Twitter, Instagram, TikTok)",สนใจมากที่สุด,ซื้อสินค้าหรือของที่ระลึกที่เกี่ยวข้อง,ด้านการท่องเที่ยว: ดึงดูดนักท่องเที่ยวต่างชาติให้เดินทางมาไทยมากขึ้น,Success
221,หญิง,26 - 35 ปี,ข้าราชการ/พนักงานรัฐวิสาหกิจ,ไม่ทราบ,ป้ายโฆษณา/สื่อประชาสัมพันธ์ภายนอก,สนใจมากที่สุด,เข้าร่วมกิจกรรมประชาสัมพันธ์หรือกิจกรรมเสริมต่างๆ,ด้านเศรษฐกิจ: เพิ่มรายได้จากการท่องเที่ยวและการใช้จ่ายที่เกี่ยวข้อง,Success
222,ชาย,18 - 25 ปี,ค้าขาย/เจ้าของธุรกิจ,ไม่ทราบ,"สื่อสังคมออนไลน์ (เช่น Facebook, Twitter, Instagram, TikTok)",สนใจน้อย,เข้าชมการแข่งขันในสนาม,ด้านการท่องเที่ยว: ดึงดูดนักท่องเที่ยวต่างชาติให้เดินทางมาไทยมากขึ้น,Success
223,ชาย,36 - 45 ปี,ข้าราชการ/พนักงานรัฐวิสาหกิจ,ไม่ทราบ,ป้ายโฆษณา/สื่อประชาสัมพันธ์ภายนอก,สนใจน้อย,เข้าชมการแข่งขันในสนาม,ด้านเศรษฐกิจ: เพิ่มรายได้จากการท่องเที่ยวและการใช้จ่ายที่เกี่ยวข้อง,Success
224,หญิง,26 - 35 ปี,ข้าราชการ/พนักงานรัฐวิสาหกิจ,ไม่ทราบ,ป้ายโฆษณา/สื่อประชาสัมพันธ์ภายนอก,สนใจปานกลาง,ชมการถ่ายทอดสดผ่านโทรทัศน์หรือช่องทางออนไลน์,ด้านการท่องเที่ยว: ดึงดูดนักท่องเที่ยวต่างชาติให้เดินทางมาไทยมากขึ้น,Success
225,หญิง,18 - 25 ปี,นักเรียน/นักศึกษา,ทราบ,เว็บไซต์ข่าว/แอปพลิเคชันข่าว,ไม่สนใจเลย,เข้าชมการแข่งขันในสนาม,ด้านภาพลักษณ์: สร้างชื่อเสียงและภาพลักษณ์ที่ดีของประเทศในระดับนานาชาติ,Success
226,หญิง,36 - 45 ปี,พนักงานบริษัทเอกชน,ทราบ,ป้ายโฆษณา/สื่อประชาสัมพันธ์ภายนอก,สนใจน้อย,ชมการถ่ายทอดสดผ่านโทรทัศน์หรือช่องทางออนไลน์,ด้านเศรษฐกิจ: เพิ่มรายได้จากการท่องเที่ยวและการใช้จ่ายที่เกี่ยวข้อง,Success
227,ชาย,36 - 45 ปี,ข้าราชการ/พนักงานรัฐวิสาหกิจ,ทราบ,เว็บไซต์ข่าว/แอปพลิเคชันข่าว,สนใจมาก,เข้าชมการแข่งขันในสนาม,ด้านเศรษฐกิจ: เพิ่มรายได้จากการท่องเที่ยวและการใช้จ่ายที่เกี่ยวข้อง,Success
228,หญิง,18 - 25 ปี,ข้าราชการ/พนักงานรัฐวิสาหกิจ,ทราบ,ป้ายโฆษณา/สื่อประชาสัมพันธ์ภายนอก,สนใจมากที่สุด,ซื้อสินค้าหรือของที่ระลึกที่เกี่ยวข้อง,ด้านเศรษฐกิจ: เพิ่มรายได้จากการท่องเที่ยวและการใช้จ่ายที่เกี่ยวข้อง,Success
229,หญิง,26 - 35 ปี,ค้าขาย/เจ้าของธุรกิจ,ไม่ทราบ,ป้ายโฆษณา/สื่อประชาสัมพันธ์ภายนอก,สนใจมาก,เข้าชมการแข่งขันในสนาม,ด้านภาพลักษณ์: สร้างชื่อเสียงและภาพลักษณ์ที่ดีของประเทศในระดับนานาชาติ,Success
230,หญิง,26 - 35 ปี,นักเรียน/นักศึกษา,ไม่ทราบ,เว็บไซต์ข่าว/แอปพลิเคชันข่าว,สนใจมาก,ซื้อสินค้าหรือของที่ระลึกที่เกี่ยวข้อง,ด้านภาพลักษณ์: สร้างชื่อเสียงและภาพลักษณ์ที่ดีของประเทศในระดับนานาชาติ,Success
231,หญิง,26 - 35 ปี,ข้าราชการ/พนักงานรัฐวิสาหกิจ,ทราบ,"สื่อสังคมออนไลน์ (เช่น Facebook, Twitter, Instagram, TikTok)",สนใจมากที่สุด,เข้าร่วมกิจกรรมประชาสัมพันธ์หรือกิจกรรมเสริมต่างๆ,ด้านการท่องเที่ยว: ดึงดูดนักท่องเที่ยวต่างชาติให้เดินทางมาไทยมากขึ้น,Success
232,ชาย,26 - 35 ปี,ค้าขาย/เจ้าของธุรกิจ,ทราบ,ป้ายโฆษณา/สื่อประชาสัมพันธ์ภายนอก,สนใจน้อย,ซื้อสินค้าหรือของที่ระลึกที่เกี่ยวข้อง,ด้านสังคม: ส่งเสริมการกีฬาและสร้างแรงบันดาลใจให้กับคนในประเทศ,Success
233,ชาย,26 - 35 ปี,พนักงานบริษัทเอกชน,ทราบ,เว็บไซต์ข่าว/แอปพลิเคชันข่าว,สนใจมากที่สุด,ชมการถ่ายทอดสดผ่านโทรทัศน์หรือช่องทางออนไลน์,ด้านภาพลักษณ์: สร้างชื่อเสียงและภาพลักษณ์ที่ดีของประเทศในระดับนานาชาติ,Success
234,หญิง,26 - 35 ปี,ค้าขาย/เจ้าของธุรกิจ,ทราบ,ป้ายโฆษณา/สื่อประชาสัมพันธ์ภายนอก,สนใจมากที่สุด,เข้าชมการแข่งขันในสนาม,ด้านสังคม: ส่งเสริมการกีฬาและสร้างแรงบันดาลใจให้กับคนในประเทศ,Success
235,ชาย,26 - 35 ปี,ข้าราชการ/พนักงานรัฐวิสาหกิจ,ไม่ทราบ,ป้ายโฆษณา/สื่อประชาสัมพันธ์ภายนอก,สนใจน้อย,ชมการถ่ายทอดสดผ่านโทรทัศน์หรือช่องทางออนไลน์,ด้านภาพลักษณ์: สร้างชื่อเสียงและภาพลักษณ์ที่ดีของประเทศในระดับนานาชาติ,Success
236,หญิง,36 - 45 ปี,นักเรียน/นักศึกษา,ไม่ทราบ,ป้ายโฆษณา/สื่อประชาสัมพันธ์ภายนอก,สนใจปานกลาง,เข้าร่วมกิจกรรมประชาสัมพันธ์หรือกิจกรรมเสริมต่างๆ,ด้านภาพลักษณ์: สร้างชื่อเสียงและภาพลักษณ์ที่ดีของประเทศในระดับนานาชาติ,Success
237,ชาย,18 - 25 ปี,ข้าราชการ/พนักงานรัฐวิสาหกิจ,ทราบ,เว็บไซต์ข่าว/แอปพลิเคชันข่าว,สนใจน้อย,เข้าชมการแข่งขันในสนาม,ด้านภาพลักษณ์: สร้างชื่อเสียงและภาพลักษณ์ที่ดีของประเทศในระดับนานาชาติ,Success
238,ชาย,18 - 25 ปี,ประกอบอาชีพอิสระ,ทราบ,เว็บไซต์ข่าว/แอปพลิเคชันข่าว,สนใจน้อย,เข้าชมการแข่งขันในสนาม,ด้านภาพลักษณ์: สร้างชื่อเสียงและภาพลักษณ์ที่ดีของประเทศในระดับนานาชาติ,Success
239,หญิง,26 - 35 ปี,พนักงานบริษัทเอกชน,ไม่ทราบ,เว็บไซต์ข่าว/แอปพลิเคชันข่าว,สนใจมาก,ชมการถ่ายทอดสดผ่านโทรทัศน์หรือช่องทางออนไลน์,ด้านเศรษฐกิจ: เพิ่มรายได้จากการท่องเที่ยวและการใช้จ่ายที่เกี่ยวข้อง,Success
240,ชาย,26 - 35 ปี,ประกอบอาชีพอิสระ,ไม่ทราบ,"สื่อสังคมออนไลน์ (เช่น Facebook, Twitter, Instagram, TikTok)",สนใจมาก,ซื้อสินค้าหรือของที่ระลึกที่เกี่ยวข้อง,ด้านภาพลักษณ์: สร้างชื่อเสียงและภาพลักษณ์ที่ดีของประเทศในระดับนานาชาติ,Success
241,ชาย,18 - 25 ปี,ข้าราชการ/พนักงานรัฐวิสาหกิจ,ไม่ทราบ,"สื่อสังคมออนไลน์ (เช่น Facebook, Twitter, Instagram, TikTok)",ไม่สนใจเลย,ซื้อสินค้าหรือของที่ระลึกที่เกี่ยวข้อง,ด้านสังคม: ส่งเสริมการกีฬาและสร้างแรงบันดาลใจให้กับคนในประเทศ,Success
242,หญิง,26 - 35 ปี,ประกอบอาชีพอิสระ,ทราบ,"สื่อสังคมออนไลน์ (เช่น Facebook, Twitter, Instagram, TikTok)",สนใจน้อย,ซื้อสินค้าหรือของที่ระลึกที่เกี่ยวข้อง,ด้านภาพลักษณ์: สร้างชื่อเสียงและภาพลักษณ์ที่ดีของประเทศในระดับนานาชาติ,Success
243,หญิง,18 - 25 ปี,ประกอบอาชีพอิสระ,ทราบ,เว็บไซต์ข่าว/แอปพลิเคชันข่าว,สนใจน้อย,ซื้อสินค้าหรือของที่ระลึกที่เกี่ยวข้อง,ด้านสังคม: ส่งเสริมการกีฬาและสร้างแรงบันดาลใจให้กับคนในประเทศ,Success
244,ชาย,36 - 45 ปี,ประกอบอาชีพอิสระ,ทราบ,เว็บไซต์ข่าว/แอปพลิเคชันข่าว,สนใจมาก,ซื้อสินค้าหรือของที่ระลึกที่เกี่ยวข้อง,ด้านภาพลักษณ์: สร้างชื่อเสียงและภาพลักษณ์ที่ดีของประเทศในระดับนานาชาติ,Success
245,หญิง,26 - 35 ปี,ค้าขาย/เจ้าของธุรกิจ,ไม่ทราบ,เว็บไซต์ข่าว/แอปพลิเคชันข่าว,สนใจมากที่สุด,เข้าร่วมกิจกรรมประชาสัมพันธ์หรือกิจกรรมเสริมต่างๆ,ด้านสังคม: ส่งเสริมการกีฬาและสร้างแรงบันดาลใจให้กับคนในประเทศ,Success
246,หญิง,18 - 25 ปี,ประกอบอาชีพอิสระ,ทราบ,ป้ายโฆษณา/สื่อประชาสัมพันธ์ภายนอก,สนใจน้อย,ซื้อสินค้าหรือของที่ระลึกที่เกี่ยวข้อง,ด้านเศรษฐกิจ: เพิ่มรายได้จากการท่องเที่ยวและการใช้จ่ายที่เกี่ยวข้อง,Success
247,หญิง,36 - 45 ปี,ข้าราชการ/พนักงานรัฐวิสาหกิจ,ทราบ,เว็บไซต์ข่าว/แอปพลิเคชันข่าว,สนใจปานกลาง,เข้าร่วมกิจกรรมประชาสัมพันธ์หรือกิจกรรมเสริมต่างๆ,ด้านภาพลักษณ์: สร้างชื่อเสียงและภาพลักษณ์ที่ดีของประเทศในระดับนานาชาติ,Success
248,ชาย,26 - 35 ปี,ข้าราชการ/พนักงานรัฐวิสาหกิจ,ไม่ทราบ,ป้ายโฆษณา/สื่อประชาสัมพันธ์ภายนอก,ไม่สนใจเลย,เข้าชมการแข่งขันในสนาม,ด้านภาพลักษณ์: สร้างชื่อเสียงและภาพลักษณ์ที่ดีของประเทศในระดับนานาชาติ,Success
249,หญิง,36 - 45 ปี,นักเรียน/นักศึกษา,ไม่ทราบ,ป้ายโฆษณา/สื่อประชาสัมพันธ์ภายนอก,สนใจน้อย,เข้าร่วมกิจกรรมประชาสัมพันธ์หรือกิจกรรมเสริมต่างๆ,ด้านการท่องเที่ยว: ดึงดูดนักท่องเที่ยวต่างชาติให้เดินทางมาไทยมากขึ้น,Success
250,ชาย,18 - 25 ปี,ค้าขาย/เจ้าของธุรกิจ,ทราบ,"สื่อสังคมออนไลน์ (เช่น Facebook, Twitter, Instagram, TikTok)",สนใจน้อย,เข้าร่วมกิจกรรมประชาสัมพันธ์หรือกิจกรรมเสริมต่างๆ,ด้านสังคม: ส่งเสริมการกีฬาและสร้างแรงบันดาลใจให้กับคนในประเทศ,Success
251,หญิง,18 - 25 ปี,นักเรียน/นักศึกษา,ไม่ทราบ,เว็บไซต์ข่าว/แอปพลิเคชันข่าว,สนใจมากที่สุด,ซื้อสินค้าหรือของที่ระลึกที่เกี่ยวข้อง,ด้านการท่องเที่ยว: ดึงดูดนักท่องเที่ยวต่างชาติให้เดินทางมาไทยมากขึ้น,Success
252,หญิง,26 - 35 ปี,ข้าราชการ/พนักงานรัฐวิสาหกิจ,ทราบ,ป้ายโฆษณา/สื่อประชาสัมพันธ์ภายนอก,สนใจน้อย,ชมการถ่ายทอดสดผ่านโทรทัศน์หรือช่องทางออนไลน์,ด้านสังคม: ส่งเสริมการกีฬาและสร้างแรงบันดาลใจให้กับคนในประเทศ,Success
253,ชาย,36 - 45 ปี,ข้าราชการ/พนักงานรัฐวิสาหกิจ,ทราบ,ป้ายโฆษณา/สื่อประชาสัมพันธ์ภายนอก,สนใจมาก,เข้าชมการแข่งขันในสนาม,ด้านภาพลักษณ์: สร้างชื่อเสียงและภาพลักษณ์ที่ดีของประเทศในระดับนานาชาติ,Success
254,ชาย,18 - 25 ปี,ค้าขาย/เจ้าของธุรกิจ,ไม่ทราบ,เว็บไซต์ข่าว/แอปพลิเคชันข่าว,สนใจปานกลาง,เข้าชมการแข่งขันในสนาม,ด้านสังคม: ส่งเสริมการกีฬาและสร้างแรงบันดาลใจให้กับคนในประเทศ,Success
255,ชาย,26 - 35 ปี,ข้าราชการ/พนักงานรัฐวิสาหกิจ,ไม่ทราบ,เว็บไซต์ข่าว/แอปพลิเคชันข่าว,สนใจปานกลาง,ซื้อสินค้าหรือของที่ระลึกที่เกี่ยวข้อง,ด้านภาพลักษณ์: สร้างชื่อเสียงและภาพลักษณ์ที่ดีของประเทศในระดับนานาชาติ,Success
256,หญิง,18 - 25 ปี,นักเรียน/นักศึกษา,ไม่ทราบ,เว็บไซต์ข่าว/แอปพลิเคชันข่าว,สนใจมาก,เข้าร่วมกิจกรรมประชาสัมพันธ์หรือกิจกรรมเสริมต่างๆ,ด้านสังคม: ส่งเสริมการกีฬาและสร้างแรงบันดาลใจให้กับคนในประเทศ,Success
257,หญิง,26 - 35 ปี,ประกอบอาชีพอิสระ,ทราบ,"สื่อสังคมออนไลน์ (เช่น Facebook, Twitter, Instagram, TikTok)",สนใจมาก,ชมการถ่ายทอดสดผ่านโทรทัศน์หรือช่องทางออนไลน์,ด้านสังคม: ส่งเสริมการกีฬาและสร้างแรงบันดาลใจให้กับคนในประเทศ,Success
258,ชาย,18 - 25 ปี,ค้าขาย/เจ้าของธุรกิจ,ไม่ทราบ,"สื่อสังคมออนไลน์ (เช่น Facebook, Twitter, Instagram, TikTok)",สนใจปานกลาง,เข้าชมการแข่งขันในสนาม,ด้านเศรษฐกิจ: เพิ่มรายได้จากการท่องเที่ยวและการใช้จ่ายที่เกี่ยวข้อง,Success
259,หญิง,26 - 35 ปี,ประกอบอาชีพอิสระ,ไม่ทราบ,"สื่อสังคมออนไลน์ (เช่น Facebook, Twitter, Instagram, TikTok)",สนใจปานกลาง,เข้าชมการแข่งขันในสนาม,ด้านการท่องเที่ยว: ดึงดูดนักท่องเที่ยวต่างชาติให้เดินทางมาไทยมากขึ้น,Success
260,ชาย,18 - 25 ปี,ประกอบอาชีพอิสระ,ไม่ทราบ,เว็บไซต์ข่าว/แอปพลิเคชันข่าว,ไม่สนใจเลย,ชมการถ่ายทอดสดผ่านโทรทัศน์หรือช่องทางออนไลน์,ด้านเศรษฐกิจ: เพิ่มรายได้จากการท่องเที่ยวและการใช้จ่ายที่เกี่ยวข้อง,Success
261,หญิง,26 - 35 ปี,ประกอบอาชีพอิสระ,ไม่ทราบ,เว็บไซต์ข่าว/แอปพลิเคชันข่าว,ไม่สนใจเลย,เข้าร่วมกิจกรรมประชาสัมพันธ์หรือกิจกรรมเสริมต่างๆ,ด้านสังคม: ส่งเสริมการกีฬาและสร้างแรงบันดาลใจให้กับคนในประเทศ,Success
262,ชาย,36 - 45 ปี,ข้าราชการ/พนักงานรัฐวิสาหกิจ,ไม่ทราบ,"สื่อสังคมออนไลน์ (เช่น Facebook, Twitter, Instagram, TikTok)",สนใจมากที่สุด,เข้าร่วมกิจกรรมประชาสัมพันธ์หรือกิจกรรมเสริมต่างๆ,ด้านสังคม: ส่งเสริมการกีฬาและสร้างแรงบันดาลใจให้กับคนในประเทศ,Success
263,ชาย,18 - 25 ปี,นักเรียน/นักศึกษา,ไม่ทราบ,ป้ายโฆษณา/สื่อประชาสัมพันธ์ภายนอก,ไม่สนใจเลย,เข้าร่วมกิจกรรมประชาสัมพันธ์หรือกิจกรรมเสริมต่างๆ,ด้านสังคม: ส่งเสริมการกีฬาและสร้างแรงบันดาลใจให้กับคนในประเทศ,Success
264,หญิง,26 - 35 ปี,ค้าขาย/เจ้าของธุรกิจ,ไม่ทราบ,"สื่อสังคมออนไลน์ (เช่น Facebook, Twitter, Instagram, TikTok)",สนใจมากที่สุด,ชมการถ่ายทอดสดผ่านโทรทัศน์หรือช่องทางออนไลน์,ด้านภาพลักษณ์: สร้างชื่อเสียงและภาพลักษณ์ที่ดีของประเทศในระดับนานาชาติ,Success
265,ชาย,18 - 25 ปี,ค้าขาย/เจ้าของธุรกิจ,ทราบ,เว็บไซต์ข่าว/แอปพลิเคชันข่าว,สนใจปานกลาง,เข้าชมการแข่งขันในสนาม,ด้านเศรษฐกิจ: เพิ่มรายได้จากการท่องเที่ยวและการใช้จ่ายที่เกี่ยวข้อง,Success
266,หญิง,36 - 45 ปี,ข้าราชการ/พนักงานรัฐวิสาหกิจ,ทราบ,เว็บไซต์ข่าว/แอปพลิเคชันข่าว,สนใจปานกลาง,เข้าชมการแข่งขันในสนาม,ด้านเศรษฐกิจ: เพิ่มรายได้จากการท่องเที่ยวและการใช้จ่ายที่เกี่ยวข้อง,Success
267,หญิง,26 - 35 ปี,นักเรียน/นักศึกษา,ไม่ทราบ,ป้ายโฆษณา/สื่อประชาสัมพันธ์ภายนอก,สนใจปานกลาง,ชมการถ่ายทอดสดผ่านโทรทัศน์หรือช่องทางออนไลน์,ด้านภาพลักษณ์: สร้างชื่อเสียงและภาพลักษณ์ที่ดีของประเทศในระดับนานาชาติ,Success
268,ชาย,36 - 45 ปี,ค้าขาย/เจ้าของธุรกิจ,ไม่ทราบ,"สื่อสังคมออนไลน์ (เช่น Facebook, Twitter, Instagram, TikTok)",สนใจมากที่สุด,ชมการถ่ายทอดสดผ่านโทรทัศน์หรือช่องทางออนไลน์,ด้านเศรษฐกิจ: เพิ่มรายได้จากการท่องเที่ยวและการใช้จ่ายที่เกี่ยวข้อง,Success
269,ชาย,26 - 35 ปี,ข้าราชการ/พนักงานรัฐวิสาหกิจ,ไม่ทราบ,ป้ายโฆษณา/สื่อประชาสัมพันธ์ภายนอก,สนใจมากที่สุด,เข้าชมการแข่งขันในสนาม,ด้านเศรษฐกิจ: เพิ่มรายได้จากการท่องเที่ยวและการใช้จ่ายที่เกี่ยวข้อง,Success
270,ชาย,36 - 45 ปี,ประกอบอาชีพอิสระ,ไม่ทราบ,ป้ายโฆษณา/สื่อประชาสัมพันธ์ภายนอก,สนใจมาก,เข้าชมการแข่งขันในสนาม,ด้านการท่องเที่ยว: ดึงดูดนักท่องเที่ยวต่างชาติให้เดินทางมาไทยมากขึ้น,Success
271,หญิง,26 - 35 ปี,ประกอบอาชีพอิสระ,ไม่ทราบ,ป้ายโฆษณา/สื่อประชาสัมพันธ์ภายนอก,สนใจมากที่สุด,ซื้อสินค้าหรือของที่ระลึกที่เกี่ยวข้อง,ด้านการท่องเที่ยว: ดึงดูดนักท่องเที่ยวต่างชาติให้เดินทางมาไทยมากขึ้น,Success
272,หญิง,18 - 25 ปี,ประกอบอาชีพอิสระ,ทราบ,"สื่อสังคมออนไลน์ (เช่น Facebook, Twitter, Instagram, TikTok)",ไม่สนใจเลย,ซื้อสินค้าหรือของที่ระลึกที่เกี่ยวข้อง,ด้านสังคม: ส่งเสริมการกีฬาและสร้างแรงบันดาลใจให้กับคนในประเทศ,Success
273,หญิง,36 - 45 ปี,ข้าราชการ/พนักงานรัฐวิสาหกิจ,ทราบ,"สื่อสังคมออนไลน์ (เช่น Facebook, Twitter, Instagram, TikTok)",สนใจมากที่สุด,เข้าชมการแข่งขันในสนาม,ด้านสังคม: ส่งเสริมการกีฬาและสร้างแรงบันดาลใจให้กับคนในประเทศ,Success
274,ชาย,36 - 45 ปี,พนักงานบริษัทเอกชน,ไม่ทราบ,เว็บไซต์ข่าว/แอปพลิเคชันข่าว,สนใจปานกลาง,เข้าชมการแข่งขันในสนาม,ด้านเศรษฐกิจ: เพิ่มรายได้จากการท่องเที่ยวและการใช้จ่ายที่เกี่ยวข้อง,Success
275,ชาย,26 - 35 ปี,ค้าขาย/เจ้าของธุรกิจ,ทราบ,ป้ายโฆษณา/สื่อประชาสัมพันธ์ภายนอก,สนใจมาก,ชมการถ่ายทอดสดผ่านโทรทัศน์หรือช่องทางออนไลน์,ด้านสังคม: ส่งเสริมการกีฬาและสร้างแรงบันดาลใจให้กับคนในประเทศ,Success
276,หญิง,36 - 45 ปี,นักเรียน/นักศึกษา,ทราบ,"สื่อสังคมออนไลน์ (เช่น Facebook, Twitter, Instagram, TikTok)",ไม่สนใจเลย,เข้าร่วมกิจกรรมประชาสัมพันธ์หรือกิจกรรมเสริมต่างๆ,ด้านสังคม: ส่งเสริมการกีฬาและสร้างแรงบันดาลใจให้กับคนในประเทศ,Success
277,หญิง,26 - 35 ปี,ประกอบอาชีพอิสระ,ทราบ,"สื่อสังคมออนไลน์ (เช่น Facebook, Twitter, Instagram, TikTok)",สนใจมากที่สุด,เข้าร่วมกิจกรรมประชาสัมพันธ์หรือกิจกรรมเสริมต่างๆ,ด้านการท่องเที่ยว: ดึงดูดนักท่องเที่ยวต่างชาติให้เดินทางมาไทยมากขึ้น,Success
278,หญิง,26 - 35 ปี,พนักงานบริษัทเอกชน,ไม่ทราบ,เว็บไซต์ข่าว/แอปพลิเคชันข่าว,ไม่สนใจเลย,เข้าร่วมกิจกรรมประชาสัมพันธ์หรือกิจกรรมเสริมต่างๆ,ด้านการท่องเที่ยว: ดึงดูดนักท่องเที่ยวต่างชาติให้เดินทางมาไทยมากขึ้น,Success
279,หญิง,36 - 45 ปี,ค้าขาย/เจ้าของธุรกิจ,ทราบ,ป้ายโฆษณา/สื่อประชาสัมพันธ์ภายนอก,ไม่สนใจเลย,เข้าร่วมกิจกรรมประชาสัมพันธ์หรือกิจกรรมเสริมต่างๆ,ด้านสังคม: ส่งเสริมการกีฬาและสร้างแรงบันดาลใจให้กับคนในประเทศ,Success
280,หญิง,18 - 25 ปี,พนักงานบริษัทเอกชน,ไม่ทราบ,"สื่อสังคมออนไลน์ (เช่น Facebook, Twitter, Instagram, TikTok)",สนใจปานกลาง,ชมการถ่ายทอดสดผ่านโทรทัศน์หรือช่องทางออนไลน์,ด้านภาพลักษณ์: สร้างชื่อเสียงและภาพลักษณ์ที่ดีของประเทศในระดับนานาชาติ,Success
281,ชาย,26 - 35 ปี,พนักงานบริษัทเอกชน,ทราบ,"สื่อสังคมออนไลน์ (เช่น Facebook, Twitter, Instagram, TikTok)",สนใจมากที่สุด,ซื้อสินค้าหรือของที่ระลึกที่เกี่ยวข้อง,ด้านภาพลักษณ์: สร้างชื่อเสียงและภาพลักษณ์ที่ดีของประเทศในระดับนานาชาติ,Success
282,หญิง,26 - 35 ปี,พนักงานบริษัทเอกชน,ไม่ทราบ,เว็บไซต์ข่าว/แอปพลิเคชันข่าว,สนใจน้อย,ชมการถ่ายทอดสดผ่านโทรทัศน์หรือช่องทางออนไลน์,ด้านการท่องเที่ยว: ดึงดูดนักท่องเที่ยวต่างชาติให้เดินทางมาไทยมากขึ้น,Success
283,หญิง,26 - 35 ปี,ข้าราชการ/พนักงานรัฐวิสาหกิจ,ทราบ,เว็บไซต์ข่าว/แอปพลิเคชันข่าว,สนใจน้อย,ชมการถ่ายทอดสดผ่านโทรทัศน์หรือช่องทางออนไลน์,ด้านภาพลักษณ์: สร้างชื่อเสียงและภาพลักษณ์ที่ดีของประเทศในระดับนานาชาติ,Success
284,ชาย,26 - 35 ปี,นักเรียน/นักศึกษา,ทราบ,ป้ายโฆษณา/สื่อประชาสัมพันธ์ภายนอก,สนใจมากที่สุด,เข้าชมการแข่งขันในสนาม,ด้านการท่องเที่ยว: ดึงดูดนักท่องเที่ยวต่างชาติให้เดินทางมาไทยมากขึ้น,Success
285,หญิง,18 - 25 ปี,พนักงานบริษัทเอกชน,ไม่ทราบ,"สื่อสังคมออนไลน์ (เช่น Facebook, Twitter, Instagram, TikTok)",สนใจมาก,เข้าชมการแข่งขันในสนาม,ด้านเศรษฐกิจ: เพิ่มรายได้จากการท่องเที่ยวและการใช้จ่ายที่เกี่ยวข้อง,Success
286,ชาย,36 - 45 ปี,นักเรียน/นักศึกษา,ทราบ,ป้ายโฆษณา/สื่อประชาสัมพันธ์ภายนอก,สนใจปานกลาง,ชมการถ่ายทอดสดผ่านโทรทัศน์หรือช่องทางออนไลน์,ด้านเศรษฐกิจ: เพิ่มรายได้จากการท่องเที่ยวและการใช้จ่ายที่เกี่ยวข้อง,Success
287,ชาย,36 - 45 ปี,นักเรียน/นักศึกษา,ทราบ,เว็บไซต์ข่าว/แอปพลิเคชันข่าว,สนใจมากที่สุด,เข้าร่วมกิจกรรมประชาสัมพันธ์หรือกิจกรรมเสริมต่างๆ,ด้านการท่องเที่ยว: ดึงดูดนักท่องเที่ยวต่างชาติให้เดินทางมาไทยมากขึ้น,Success
288,หญิง,18 - 25 ปี,พนักงานบริษัทเอกชน,ไม่ทราบ,เว็บไซต์ข่าว/แอปพลิเคชันข่าว,ไม่สนใจเลย,เข้าร่วมกิจกรรมประชาสัมพันธ์หรือกิจกรรมเสริมต่างๆ,ด้านภาพลักษณ์: สร้างชื่อเสียงและภาพลักษณ์ที่ดีของประเทศในระดับนานาชาติ,Success
289,ชาย,36 - 45 ปี,ประกอบอาชีพอิสระ,ทราบ,ป้ายโฆษณา/สื่อประชาสัมพันธ์ภายนอก,ไม่สนใจเลย,เข้าชมการแข่งขันในสนาม,ด้านการท่องเที่ยว: ดึงดูดนักท่องเที่ยวต่างชาติให้เดินทางมาไทยมากขึ้น,Success
290,หญิง,18 - 25 ปี,นักเรียน/นักศึกษา,ไม่ทราบ,ป้ายโฆษณา/สื่อประชาสัมพันธ์ภายนอก,สนใจมาก,ซื้อสินค้าหรือของที่ระลึกที่เกี่ยวข้อง,ด้านสังคม: ส่งเสริมการกีฬาและสร้างแรงบันดาลใจให้กับคนในประเทศ,Success
291,ชาย,36 - 45 ปี,พนักงานบริษัทเอกชน,ทราบ,ป้ายโฆษณา/สื่อประชาสัมพันธ์ภายนอก,สนใจมากที่สุด,ชมการถ่ายทอดสดผ่านโทรทัศน์หรือช่องทางออนไลน์,ด้านภาพลักษณ์: สร้างชื่อเสียงและภาพลักษณ์ที่ดีของประเทศในระดับนานาชาติ,Success
292,หญิง,18 - 25 ปี,นักเรียน/นักศึกษา,ทราบ,ป้ายโฆษณา/สื่อประชาสัมพันธ์ภายนอก,ไม่สนใจเลย,เข้าชมการแข่งขันในสนาม,ด้านสังคม: ส่งเสริมการกีฬาและสร้างแรงบันดาลใจให้กับคนในประเทศ,Success
293,ชาย,18 - 25 ปี,พนักงานบริษัทเอกชน,ทราบ,เว็บไซต์ข่าว/แอปพลิเคชันข่าว,ไม่สนใจเลย,เข้าร่วมกิจกรรมประชาสัมพันธ์หรือกิจกรรมเสริมต่างๆ,ด้านเศรษฐกิจ: เพิ่มรายได้จากการท่องเที่ยวและการใช้จ่ายที่เกี่ยวข้อง,Success
294,หญิง,26 - 35 ปี,ประกอบอาชีพอิสระ,ทราบ,เว็บไซต์ข่าว/แอปพลิเคชันข่าว,สนใจปานกลาง,ซื้อสินค้าหรือของที่ระลึกที่เกี่ยวข้อง,ด้านการท่องเที่ยว: ดึงดูดนักท่องเที่ยวต่างชาติให้เดินทางมาไทยมากขึ้น,Success
295,หญิง,26 - 35 ปี,พนักงานบริษัทเอกชน,ทราบ,"สื่อสังคมออนไลน์ (เช่น Facebook, Twitter, Instagram, TikTok)",สนใจน้อย,ซื้อสินค้าหรือของที่ระลึกที่เกี่ยวข้อง,ด้านสังคม: ส่งเสริมการกีฬาและสร้างแรงบันดาลใจให้กับคนในประเทศ,Success
296,ชาย,26 - 35 ปี,พนักงานบริษัทเอกชน,ไม่ทราบ,เว็บไซต์ข่าว/แอปพลิเคชันข่าว,สนใจมากที่สุด,เข้าชมการแข่งขันในสนาม,ด้านการท่องเที่ยว: ดึงดูดนักท่องเที่ยวต่างชาติให้เดินทางมาไทยมากขึ้น,Success
297,หญิง,18 - 25 ปี,พนักงานบริษัทเอกชน,ไม่ทราบ,"สื่อสังคมออนไลน์ (เช่น Facebook, Twitter, Instagram, TikTok)",สนใจปานกลาง,เข้าร่วมกิจกรรมประชาสัมพันธ์หรือกิจกรรมเสริมต่างๆ,ด้านเศรษฐกิจ: เพิ่มรายได้จากการท่องเที่ยวและการใช้จ่ายที่เกี่ยวข้อง,Success
298,ชาย,36 - 45 ปี,ค้าขาย/เจ้าของธุรกิจ,ทราบ,ป้ายโฆษณา/สื่อประชาสัมพันธ์ภายนอก,สนใจมากที่สุด,ซื้อสินค้าหรือของที่ระลึกที่เกี่ยวข้อง,ด้านเศรษฐกิจ: เพิ่มรายได้จากการท่องเที่ยวและการใช้จ่ายที่เกี่ยวข้อง,Success
299,หญิง,26 - 35 ปี,ข้าราชการ/พนักงานรัฐวิสาหกิจ,ไม่ทราบ,"สื่อสังคมออนไลน์ (เช่น Facebook, Twitter, Instagram, TikTok)",สนใจปานกลาง,ชมการถ่ายทอดสดผ่านโทรทัศน์หรือช่องทางออนไลน์,ด้านสังคม: ส่งเสริมการกีฬาและสร้างแรงบันดาลใจให้กับคนในประเทศ,Success
300,หญิง,26 - 35 ปี,ข้าราชการ/พนักงานรัฐวิสาหกิจ,ทราบ,เว็บไซต์ข่าว/แอปพลิเคชันข่าว,ไม่สนใจเลย,ชมการถ่ายทอดสดผ่านโทรทัศน์หรือช่องทางออนไลน์,ด้านเศรษฐกิจ: เพิ่มรายได้จากการท่องเที่ยวและการใช้จ่ายที่เกี่ยวข้อง,Success
301,หญิง,18 - 25 ปี,ค้าขาย/เจ้าของธุรกิจ,ทราบ,เว็บไซต์ข่าว/แอปพลิเคชันข่าว,สนใจน้อย,ซื้อสินค้าหรือของที่ระลึกที่เกี่ยวข้อง,ด้านการท่องเที่ยว: ดึงดูดนักท่องเที่ยวต่างชาติให้เดินทางมาไทยมากขึ้น,Success
302,ชาย,18 - 25 ปี,นักเรียน/นักศึกษา,ทราบ,เว็บไซต์ข่าว/แอปพลิเคชันข่าว,สนใจมากที่สุด,ชมการถ่ายทอดสดผ่านโทรทัศน์หรือช่องทางออนไลน์,ด้านเศรษฐกิจ: เพิ่มรายได้จากการท่องเที่ยวและการใช้จ่ายที่เกี่ยวข้อง,Success
303,ชาย,36 - 45 ปี,นักเรียน/นักศึกษา,ทราบ,เว็บไซต์ข่าว/แอปพลิเคชันข่าว,สนใจมาก,ชมการถ่ายทอดสดผ่านโทรทัศน์หรือช่องทางออนไลน์,ด้านภาพลักษณ์: สร้างชื่อเสียงและภาพลักษณ์ที่ดีของประเทศในระดับนานาชาติ,Success
304,ชาย,26 - 35 ปี,พนักงานบริษัทเอกชน,ทราบ,ป้ายโฆษณา/สื่อประชาสัมพันธ์ภายนอก,สนใจปานกลาง,ชมการถ่ายทอดสดผ่านโทรทัศน์หรือช่องทางออนไลน์,ด้านการท่องเที่ยว: ดึงดูดนักท่องเที่ยวต่างชาติให้เดินทางมาไทยมากขึ้น,Success
305,หญิง,26 - 35 ปี,พนักงานบริษัทเอกชน,ไม่ทราบ,"สื่อสังคมออนไลน์ (เช่น Facebook, Twitter, Instagram, TikTok)",ไม่สนใจเลย,เข้าชมการแข่งขันในสนาม,ด้านสังคม: ส่งเสริมการกีฬาและสร้างแรงบันดาลใจให้กับคนในประเทศ,Success
306,หญิง,18 - 25 ปี,ประกอบอาชีพอิสระ,ทราบ,เว็บไซต์ข่าว/แอปพลิเคชันข่าว,สนใจมากที่สุด,ชมการถ่ายทอดสดผ่านโทรทัศน์หรือช่องทางออนไลน์,ด้านการท่องเที่ยว: ดึงดูดนักท่องเที่ยวต่างชาติให้เดินทางมาไทยมากขึ้น,Success
307,หญิง,36 - 45 ปี,พนักงานบริษัทเอกชน,ไม่ทราบ,ป้ายโฆษณา/สื่อประชาสัมพันธ์ภายนอก,สนใจน้อย,เข้าชมการแข่งขันในสนาม,ด้านภาพลักษณ์: สร้างชื่อเสียงและภาพลักษณ์ที่ดีของประเทศในระดับนานาชาติ,Success
308,ชาย,18 - 25 ปี,ค้าขาย/เจ้าของธุรกิจ,ไม่ทราบ,"สื่อสังคมออนไลน์ (เช่น Facebook, Twitter, Instagram, TikTok)",สนใจมากที่สุด,ซื้อสินค้าหรือของที่ระลึกที่เกี่ยวข้อง,ด้านการท่องเที่ยว: ดึงดูดนักท่องเที่ยวต่างชาติให้เดินทางมาไทยมากขึ้น,Success
309,หญิง,36 - 45 ปี,พนักงานบริษัทเอกชน,ทราบ,ป้ายโฆษณา/สื่อประชาสัมพันธ์ภายนอก,สนใจมากที่สุด,ซื้อสินค้าหรือของที่ระลึกที่เกี่ยวข้อง,ด้านสังคม: ส่งเสริมการกีฬาและสร้างแรงบันดาลใจให้กับคนในประเทศ,Success
310,ชาย,26 - 35 ปี,ค้าขาย/เจ้าของธุรกิจ,ทราบ,"สื่อสังคมออนไลน์ (เช่น Facebook, Twitter, Instagram, TikTok)",สนใจมาก,ชมการถ่ายทอดสดผ่านโทรทัศน์หรือช่องทางออนไลน์,ด้านภาพลักษณ์: สร้างชื่อเสียงและภาพลักษณ์ที่ดีของประเทศในระดับนานาชาติ,Success
311,ชาย,26 - 35 ปี,นักเรียน/นักศึกษา,ไม่ทราบ,ป้ายโฆษณา/สื่อประชาสัมพันธ์ภายนอก,สนใจน้อย,เข้าร่วมกิจกรรมประชาสัมพันธ์หรือกิจกรรมเสริมต่างๆ,ด้านสังคม: ส่งเสริมการกีฬาและสร้างแรงบันดาลใจให้กับคนในประเทศ,Success
312,หญิง,36 - 45 ปี,พนักงานบริษัทเอกชน,ทราบ,ป้ายโฆษณา/สื่อประชาสัมพันธ์ภายนอก,สนใจปานกลาง,เข้าร่วมกิจกรรมประชาสัมพันธ์หรือกิจกรรมเสริมต่างๆ,ด้านภาพลักษณ์: สร้างชื่อเสียงและภาพลักษณ์ที่ดีของประเทศในระดับนานาชาติ,Success
313,หญิง,18 - 25 ปี,นักเรียน/นักศึกษา,ทราบ,"สื่อสังคมออนไลน์ (เช่น Facebook, Twitter, Instagram, TikTok)",สนใจน้อย,ชมการถ่ายทอดสดผ่านโทรทัศน์หรือช่องทางออนไลน์,ด้านสังคม: ส่งเสริมการกีฬาและสร้างแรงบันดาลใจให้กับคนในประเทศ,Success
314,ชาย,36 - 45 ปี,ประกอบอาชีพอิสระ,ไม่ทราบ,ป้ายโฆษณา/สื่อประชาสัมพันธ์ภายนอก,สนใจปานกลาง,เข้าร่วมกิจกรรมประชาสัมพันธ์หรือกิจกรรมเสริมต่างๆ,ด้านการท่องเที่ยว: ดึงดูดนักท่องเที่ยวต่างชาติให้เดินทางมาไทยมากขึ้น,Success
315,หญิง,36 - 45 ปี,ข้าราชการ/พนักงานรัฐวิสาหกิจ,ทราบ,"สื่อสังคมออนไลน์ (เช่น Facebook, Twitter, Instagram, TikTok)",สนใจน้อย,เข้าร่วมกิจกรรมประชาสัมพันธ์หรือกิจกรรมเสริมต่างๆ,ด้านการท่องเที่ยว: ดึงดูดนักท่องเที่ยวต่างชาติให้เดินทางมาไทยมากขึ้น,Success
316,ชาย,26 - 35 ปี,พนักงานบริษัทเอกชน,ไม่ทราบ,เว็บไซต์ข่าว/แอปพลิเคชันข่าว,ไม่สนใจเลย,ชมการถ่ายทอดสดผ่านโทรทัศน์หรือช่องทางออนไลน์,ด้านเศรษฐกิจ: เพิ่มรายได้จากการท่องเที่ยวและการใช้จ่ายที่เกี่ยวข้อง,Success
317,ชาย,36 - 45 ปี,ข้าราชการ/พนักงานรัฐวิสาหกิจ,ไม่ทราบ,เว็บไซต์ข่าว/แอปพลิเคชันข่าว,ไม่สนใจเลย,เข้าชมการแข่งขันในสนาม,ด้านเศรษฐกิจ: เพิ่มรายได้จากการท่องเที่ยวและการใช้จ่ายที่เกี่ยวข้อง,Success
318,หญิง,18 - 25 ปี,นักเรียน/นักศึกษา,ทราบ,"สื่อสังคมออนไลน์ (เช่น Facebook, Twitter, Instagram, TikTok)",สนใจมาก,ซื้อสินค้าหรือของที่ระลึกที่เกี่ยวข้อง,ด้านเศรษฐกิจ: เพิ่มรายได้จากการท่องเที่ยวและการใช้จ่ายที่เกี่ยวข้อง,Success
319,หญิง,26 - 35 ปี,นักเรียน/นักศึกษา,ไม่ทราบ,"สื่อสังคมออนไลน์ (เช่น Facebook, Twitter, Instagram, TikTok)",สนใจน้อย,ชมการถ่ายทอดสดผ่านโทรทัศน์หรือช่องทางออนไลน์,ด้านภาพลักษณ์: สร้างชื่อเสียงและภาพลักษณ์ที่ดีของประเทศในระดับนานาชาติ,Success
320,หญิง,18 - 25 ปี,ประกอบอาชีพอิสระ,ทราบ,"สื่อสังคมออนไลน์ (เช่น Facebook, Twitter, Instagram, TikTok)",สนใจมากที่สุด,ซื้อสินค้าหรือของที่ระลึกที่เกี่ยวข้อง,ด้านการท่องเที่ยว: ดึงดูดนักท่องเที่ยวต่างชาติให้เดินทางมาไทยมากขึ้น,Success
321,หญิง,18 - 25 ปี,ค้าขาย/เจ้าของธุรกิจ,ทราบ,เว็บไซต์ข่าว/แอปพลิเคชันข่าว,สนใจมากที่สุด,เข้าชมการแข่งขันในสนาม,ด้านเศรษฐกิจ: เพิ่มรายได้จากการท่องเที่ยวและการใช้จ่ายที่เกี่ยวข้อง,Success
322,หญิง,18 - 25 ปี,ประกอบอาชีพอิสระ,ไม่ทราบ,"สื่อสังคมออนไลน์ (เช่น Facebook, Twitter, Instagram, TikTok)",สนใจมากที่สุด,เข้าร่วมกิจกรรมประชาสัมพันธ์หรือกิจกรรมเสริมต่างๆ,ด้านภาพลักษณ์: สร้างชื่อเสียงและภาพลักษณ์ที่ดีของประเทศในระดับนานาชาติ,Success
323,หญิง,36 - 45 ปี,นักเรียน/นักศึกษา,ไม่ทราบ,เว็บไซต์ข่าว/แอปพลิเคชันข่าว,สนใจมากที่สุด,เข้าชมการแข่งขันในสนาม,ด้านสังคม: ส่งเสริมการกีฬาและสร้างแรงบันดาลใจให้กับคนในประเทศ,Success
324,หญิง,36 - 45 ปี,ค้าขาย/เจ้าของธุรกิจ,ไม่ทราบ,ป้ายโฆษณา/สื่อประชาสัมพันธ์ภายนอก,สนใจปานกลาง,ชมการถ่ายทอดสดผ่านโทรทัศน์หรือช่องทางออนไลน์,ด้านภาพลักษณ์: สร้างชื่อเสียงและภาพลักษณ์ที่ดีของประเทศในระดับนานาชาติ,Success
325,ชาย,36 - 45 ปี,ค้าขาย/เจ้าของธุรกิจ,ไม่ทราบ,เว็บไซต์ข่าว/แอปพลิเคชันข่าว,สนใจน้อย,เข้าชมการแข่งขันในสนาม,ด้านภาพลักษณ์: สร้างชื่อเสียงและภาพลักษณ์ที่ดีของประเทศในระดับนานาชาติ,Success
326,ชาย,36 - 45 ปี,ค้าขาย/เจ้าของธุรกิจ,ทราบ,ป้ายโฆษณา/สื่อประชาสัมพันธ์ภายนอก,สนใจน้อย,ชมการถ่ายทอดสดผ่านโทรทัศน์หรือช่องทางออนไลน์,ด้านการท่องเที่ยว: ดึงดูดนักท่องเที่ยวต่างชาติให้เดินทางมาไทยมากขึ้น,Success
327,หญิง,18 - 25 ปี,ค้าขาย/เจ้าของธุรกิจ,ทราบ,"สื่อสังคมออนไลน์ (เช่น Facebook, Twitter, Instagram, TikTok)",สนใจปานกลาง,ชมการถ่ายทอดสดผ่านโทรทัศน์หรือช่องทางออนไลน์,ด้านเศรษฐกิจ: เพิ่มรายได้จากการท่องเที่ยวและการใช้จ่ายที่เกี่ยวข้อง,Success
328,หญิง,36 - 45 ปี,นักเรียน/นักศึกษา,ไม่ทราบ,"สื่อสังคมออนไลน์ (เช่น Facebook, Twitter, Instagram, TikTok)",สนใจมากที่สุด,ซื้อสินค้าหรือของที่ระลึกที่เกี่ยวข้อง,ด้านภาพลักษณ์: สร้างชื่อเสียงและภาพลักษณ์ที่ดีของประเทศในระดับนานาชาติ,Success
329,หญิง,36 - 45 ปี,ข้าราชการ/พนักงานรัฐวิสาหกิจ,ไม่ทราบ,ป้ายโฆษณา/สื่อประชาสัมพันธ์ภายนอก,สนใจมากที่สุด,เข้าชมการแข่งขันในสนาม,ด้านสังคม: ส่งเสริมการกีฬาและสร้างแรงบันดาลใจให้กับคนในประเทศ,Success
330,ชาย,26 - 35 ปี,ข้าราชการ/พนักงานรัฐวิสาหกิจ,ไม่ทราบ,ป้ายโฆษณา/สื่อประชาสัมพันธ์ภายนอก,สนใจมากที่สุด,เข้าชมการแข่งขันในสนาม,ด้านการท่องเที่ยว: ดึงดูดนักท่องเที่ยวต่างชาติให้เดินทางมาไทยมากขึ้น,Success
331,ชาย,26 - 35 ปี,นักเรียน/นักศึกษา,ทราบ,ป้ายโฆษณา/สื่อประชาสัมพันธ์ภายนอก,สนใจมาก,ซื้อสินค้าหรือของที่ระลึกที่เกี่ยวข้อง,ด้านภาพลักษณ์: สร้างชื่อเสียงและภาพลักษณ์ที่ดีของประเทศในระดับนานาชาติ,Success
332,ชาย,26 - 35 ปี,พนักงานบริษัทเอกชน,ทราบ,เว็บไซต์ข่าว/แอปพลิเคชันข่าว,สนใจมาก,เข้าร่วมกิจกรรมประชาสัมพันธ์หรือกิจกรรมเสริมต่างๆ,ด้านสังคม: ส่งเสริมการกีฬาและสร้างแรงบันดาลใจให้กับคนในประเทศ,Success
333,ชาย,26 - 35 ปี,นักเรียน/นักศึกษา,ทราบ,เว็บไซต์ข่าว/แอปพลิเคชันข่าว,สนใจมาก,ชมการถ่ายทอดสดผ่านโทรทัศน์หรือช่องทางออนไลน์,ด้านสังคม: ส่งเสริมการกีฬาและสร้างแรงบันดาลใจให้กับคนในประเทศ,Success
334,หญิง,36 - 45 ปี,ค้าขาย/เจ้าของธุรกิจ,ทราบ,"สื่อสังคมออนไลน์ (เช่น Facebook, Twitter, Instagram, TikTok)",สนใจน้อย,ชมการถ่ายทอดสดผ่านโทรทัศน์หรือช่องทางออนไลน์,ด้านการท่องเที่ยว: ดึงดูดนักท่องเที่ยวต่างชาติให้เดินทางมาไทยมากขึ้น,Success
335,ชาย,18 - 25 ปี,พนักงานบริษัทเอกชน,ไม่ทราบ,ป้ายโฆษณา/สื่อประชาสัมพันธ์ภายนอก,สนใจน้อย,เข้าร่วมกิจกรรมประชาสัมพันธ์หรือกิจกรรมเสริมต่างๆ,ด้านเศรษฐกิจ: เพิ่มรายได้จากการท่องเที่ยวและการใช้จ่ายที่เกี่ยวข้อง,Success
336,ชาย,36 - 45 ปี,ประกอบอาชีพอิสระ,ทราบ,"สื่อสังคมออนไลน์ (เช่น Facebook, Twitter, Instagram, TikTok)",ไม่สนใจเลย,เข้าร่วมกิจกรรมประชาสัมพันธ์หรือกิจกรรมเสริมต่างๆ,ด้านภาพลักษณ์: สร้างชื่อเสียงและภาพลักษณ์ที่ดีของประเทศในระดับนานาชาติ,Success
337,หญิง,36 - 45 ปี,ประกอบอาชีพอิสระ,ไม่ทราบ,เว็บไซต์ข่าว/แอปพลิเคชันข่าว,ไม่สนใจเลย,ซื้อสินค้าหรือของที่ระลึกที่เกี่ยวข้อง,ด้านเศรษฐกิจ: เพิ่มรายได้จากการท่องเที่ยวและการใช้จ่ายที่เกี่ยวข้อง,Success
338,ชาย,36 - 45 ปี,พนักงานบริษัทเอกชน,ไม่ทราบ,ป้ายโฆษณา/สื่อประชาสัมพันธ์ภายนอก,ไม่สนใจเลย,ซื้อสินค้าหรือของที่ระลึกที่เกี่ยวข้อง,ด้านการท่องเที่ยว: ดึงดูดนักท่องเที่ยวต่างชาติให้เดินทางมาไทยมากขึ้น,Success
339,หญิง,36 - 45 ปี,ข้าราชการ/พนักงานรัฐวิสาหกิจ,ไม่ทราบ,ป้ายโฆษณา/สื่อประชาสัมพันธ์ภายนอก,สนใจปานกลาง,ซื้อสินค้าหรือของที่ระลึกที่เกี่ยวข้อง,ด้านภาพลักษณ์: สร้างชื่อเสียงและภาพลักษณ์ที่ดีของประเทศในระดับนานาชาติ,Success
340,ชาย,18 - 25 ปี,ค้าขาย/เจ้าของธุรกิจ,ไม่ทราบ,ป้ายโฆษณา/สื่อประชาสัมพันธ์ภายนอก,ไม่สนใจเลย,เข้าร่วมกิจกรรมประชาสัมพันธ์หรือกิจกรรมเสริมต่างๆ,ด้านภาพลักษณ์: สร้างชื่อเสียงและภาพลักษณ์ที่ดีของประเทศในระดับนานาชาติ,Success
341,ชาย,26 - 35 ปี,นักเรียน/นักศึกษา,ทราบ,ป้ายโฆษณา/สื่อประชาสัมพันธ์ภายนอก,สนใจมาก,ซื้อสินค้าหรือของที่ระลึกที่เกี่ยวข้อง,ด้านสังคม: ส่งเสริมการกีฬาและสร้างแรงบันดาลใจให้กับคนในประเทศ,Success
342,ชาย,36 - 45 ปี,นักเรียน/นักศึกษา,ไม่ทราบ,เว็บไซต์ข่าว/แอปพลิเคชันข่าว,ไม่สนใจเลย,ชมการถ่ายทอดสดผ่านโทรทัศน์หรือช่องทางออนไลน์,ด้านเศรษฐกิจ: เพิ่มรายได้จากการท่องเที่ยวและการใช้จ่ายที่เกี่ยวข้อง,Success
343,ชาย,26 - 35 ปี,ค้าขาย/เจ้าของธุรกิจ,ไม่ทราบ,เว็บไซต์ข่าว/แอปพลิเคชันข่าว,ไม่สนใจเลย,ซื้อสินค้าหรือของที่ระลึกที่เกี่ยวข้อง,ด้านสังคม: ส่งเสริมการกีฬาและสร้างแรงบันดาลใจให้กับคนในประเทศ,Success
344,หญิง,36 - 45 ปี,นักเรียน/นักศึกษา,ทราบ,เว็บไซต์ข่าว/แอปพลิเคชันข่าว,สนใจมาก,เข้าชมการแข่งขันในสนาม,ด้านการท่องเที่ยว: ดึงดูดนักท่องเที่ยวต่างชาติให้เดินทางมาไทยมากขึ้น,Success
345,ชาย,18 - 25 ปี,ข้าราชการ/พนักงานรัฐวิสาหกิจ,ไม่ทราบ,"สื่อสังคมออนไลน์ (เช่น Facebook, Twitter, Instagram, TikTok)",สนใจน้อย,ซื้อสินค้าหรือของที่ระลึกที่เกี่ยวข้อง,ด้านเศรษฐกิจ: เพิ่มรายได้จากการท่องเที่ยวและการใช้จ่ายที่เกี่ยวข้อง,Success
346,ชาย,26 - 35 ปี,พนักงานบริษัทเอกชน,ไม่ทราบ,เว็บไซต์ข่าว/แอปพลิเคชันข่าว,ไม่สนใจเลย,เข้าชมการแข่งขันในสนาม,ด้านสังคม: ส่งเสริมการกีฬาและสร้างแรงบันดาลใจให้กับคนในประเทศ,Success
347,ชาย,26 - 35 ปี,นักเรียน/นักศึกษา,ทราบ,ป้ายโฆษณา/สื่อประชาสัมพันธ์ภายนอก,สนใจน้อย,เข้าชมการแข่งขันในสนาม,ด้านสังคม: ส่งเสริมการกีฬาและสร้างแรงบันดาลใจให้กับคนในประเทศ,Success
348,หญิง,36 - 45 ปี,พนักงานบริษัทเอกชน,ไม่ทราบ,ป้ายโฆษณา/สื่อประชาสัมพันธ์ภายนอก,ไม่สนใจเลย,ชมการถ่ายทอดสดผ่านโทรทัศน์หรือช่องทางออนไลน์,ด้านภาพลักษณ์: สร้างชื่อเสียงและภาพลักษณ์ที่ดีของประเทศในระดับนานาชาติ,Success
349,หญิง,18 - 25 ปี,ค้าขาย/เจ้าของธุรกิจ,ทราบ,เว็บไซต์ข่าว/แอปพลิเคชันข่าว,สนใจปานกลาง,เข้าร่วมกิจกรรมประชาสัมพันธ์หรือกิจกรรมเสริมต่างๆ,ด้านการท่องเที่ยว: ดึงดูดนักท่องเที่ยวต่างชาติให้เดินทางมาไทยมากขึ้น,Success
350,หญิง,36 - 45 ปี,ค้าขาย/เจ้าของธุรกิจ,ไม่ทราบ,ป้ายโฆษณา/สื่อประชาสัมพันธ์ภายนอก,สนใจปานกลาง,ชมการถ่ายทอดสดผ่านโทรทัศน์หรือช่องทางออนไลน์,ด้านเศรษฐกิจ: เพิ่มรายได้จากการท่องเที่ยวและการใช้จ่ายที่เกี่ยวข้อง,Success
351,ชาย,18 - 25 ปี,ข้าราชการ/พนักงานรัฐวิสาหกิจ,ทราบ,เว็บไซต์ข่าว/แอปพลิเคชันข่าว,สนใจมาก,ซื้อสินค้าหรือของที่ระลึกที่เกี่ยวข้อง,ด้านเศรษฐกิจ: เพิ่มรายได้จากการท่องเที่ยวและการใช้จ่ายที่เกี่ยวข้อง,Success
352,ชาย,26 - 35 ปี,พนักงานบริษัทเอกชน,ไม่ทราบ,เว็บไซต์ข่าว/แอปพลิเคชันข่าว,สนใจมากที่สุด,เข้าร่วมกิจกรรมประชาสัมพันธ์หรือกิจกรรมเสริมต่างๆ,ด้านภาพลักษณ์: สร้างชื่อเสียงและภาพลักษณ์ที่ดีของประเทศในระดับนานาชาติ,Success
353,หญิง,18 - 25 ปี,พนักงานบริษัทเอกชน,ไม่ทราบ,ป้ายโฆษณา/สื่อประชาสัมพันธ์ภายนอก,สนใจปานกลาง,เข้าชมการแข่งขันในสนาม,ด้านสังคม: ส่งเสริมการกีฬาและสร้างแรงบันดาลใจให้กับคนในประเทศ,Success
354,ชาย,26 - 35 ปี,ข้าราชการ/พนักงานรัฐวิสาหกิจ,ทราบ,"สื่อสังคมออนไลน์ (เช่น Facebook, Twitter, Instagram, TikTok)",สนใจมากที่สุด,เข้าร่วมกิจกรรมประชาสัมพันธ์หรือกิจกรรมเสริมต่างๆ,ด้านการท่องเที่ยว: ดึงดูดนักท่องเที่ยวต่างชาติให้เดินทางมาไทยมากขึ้น,Success
355,ชาย,18 - 25 ปี,ข้าราชการ/พนักงานรัฐวิสาหกิจ,ทราบ,เว็บไซต์ข่าว/แอปพลิเคชันข่าว,สนใจมากที่สุด,ชมการถ่ายทอดสดผ่านโทรทัศน์หรือช่องทางออนไลน์,ด้านสังคม: ส่งเสริมการกีฬาและสร้างแรงบันดาลใจให้กับคนในประเทศ,Success
356,หญิง,36 - 45 ปี,นักเรียน/นักศึกษา,ทราบ,ป้ายโฆษณา/สื่อประชาสัมพันธ์ภายนอก,ไม่สนใจเลย,ซื้อสินค้าหรือของที่ระลึกที่เกี่ยวข้อง,ด้านภาพลักษณ์: สร้างชื่อเสียงและภาพลักษณ์ที่ดีของประเทศในระดับนานาชาติ,Success
357,ชาย,18 - 25 ปี,พนักงานบริษัทเอกชน,ทราบ,เว็บไซต์ข่าว/แอปพลิเคชันข่าว,สนใจปานกลาง,เข้าร่วมกิจกรรมประชาสัมพันธ์หรือกิจกรรมเสริมต่างๆ,ด้านภาพลักษณ์: สร้างชื่อเสียงและภาพลักษณ์ที่ดีของประเทศในระดับนานาชาติ,Success
358,หญิง,36 - 45 ปี,ข้าราชการ/พนักงานรัฐวิสาหกิจ,ทราบ,ป้ายโฆษณา/สื่อประชาสัมพันธ์ภายนอก,ไม่สนใจเลย,ชมการถ่ายทอดสดผ่านโทรทัศน์หรือช่องทางออนไลน์,ด้านเศรษฐกิจ: เพิ่มรายได้จากการท่องเที่ยวและการใช้จ่ายที่เกี่ยวข้อง,Success
359,ชาย,18 - 25 ปี,นักเรียน/นักศึกษา,ทราบ,ป้ายโฆษณา/สื่อประชาสัมพันธ์ภายนอก,สนใจปานกลาง,ซื้อสินค้าหรือของที่ระลึกที่เกี่ยวข้อง,ด้านการท่องเที่ยว: ดึงดูดนักท่องเที่ยวต่างชาติให้เดินทางมาไทยมากขึ้น,Success
360,หญิง,36 - 45 ปี,พนักงานบริษัทเอกชน,ไม่ทราบ,ป้ายโฆษณา/สื่อประชาสัมพันธ์ภายนอก,สนใจปานกลาง,ชมการถ่ายทอดสดผ่านโทรทัศน์หรือช่องทางออนไลน์,ด้านสังคม: ส่งเสริมการกีฬาและสร้างแรงบันดาลใจให้กับคนในประเทศ,Success
361,หญิง,26 - 35 ปี,พนักงานบริษัทเอกชน,ไม่ทราบ,เว็บไซต์ข่าว/แอปพลิเคชันข่าว,สนใจปานกลาง,ซื้อสินค้าหรือของที่ระลึกที่เกี่ยวข้อง,ด้านภาพลักษณ์: สร้างชื่อเสียงและภาพลักษณ์ที่ดีของประเทศในระดับนานาชาติ,Success
362,ชาย,18 - 25 ปี,ค้าขาย/เจ้าของธุรกิจ,ทราบ,ป้ายโฆษณา/สื่อประชาสัมพันธ์ภายนอก,สนใจปานกลาง,ซื้อสินค้าหรือของที่ระลึกที่เกี่ยวข้อง,ด้านการท่องเที่ยว: ดึงดูดนักท่องเที่ยวต่างชาติให้เดินทางมาไทยมากขึ้น,Success
363,ชาย,36 - 45 ปี,พนักงานบริษัทเอกชน,ไม่ทราบ,ป้ายโฆษณา/สื่อประชาสัมพันธ์ภายนอก,ไม่สนใจเลย,เข้าร่วมกิจกรรมประชาสัมพันธ์หรือกิจกรรมเสริมต่างๆ,ด้านภาพลักษณ์: สร้างชื่อเสียงและภาพลักษณ์ที่ดีของประเทศในระดับนานาชาติ,Success
364,หญิง,26 - 35 ปี,ค้าขาย/เจ้าของธุรกิจ,ไม่ทราบ,เว็บไซต์ข่าว/แอปพลิเคชันข่าว,สนใจปานกลาง,เข้าร่วมกิจกรรมประชาสัมพันธ์หรือกิจกรรมเสริมต่างๆ,ด้านการท่องเที่ยว: ดึงดูดนักท่องเที่ยวต่างชาติให้เดินทางมาไทยมากขึ้น,Success
365,ชาย,26 - 35 ปี,นักเรียน/นักศึกษา,ทราบ,"สื่อสังคมออนไลน์ (เช่น Facebook, Twitter, Instagram, TikTok)",สนใจมากที่สุด,ซื้อสินค้าหรือของที่ระลึกที่เกี่ยวข้อง,ด้านสังคม: ส่งเสริมการกีฬาและสร้างแรงบันดาลใจให้กับคนในประเทศ,Success
366,หญิง,26 - 35 ปี,นักเรียน/นักศึกษา,ทราบ,เว็บไซต์ข่าว/แอปพลิเคชันข่าว,สนใจน้อย,ชมการถ่ายทอดสดผ่านโทรทัศน์หรือช่องทางออนไลน์,ด้านภาพลักษณ์: สร้างชื่อเสียงและภาพลักษณ์ที่ดีของประเทศในระดับนานาชาติ,Success
367,หญิง,26 - 35 ปี,ประกอบอาชีพอิสระ,ไม่ทราบ,ป้ายโฆษณา/สื่อประชาสัมพันธ์ภายนอก,สนใจน้อย,เข้าร่วมกิจกรรมประชาสัมพันธ์หรือกิจกรรมเสริมต่างๆ,ด้านสังคม: ส่งเสริมการกีฬาและสร้างแรงบันดาลใจให้กับคนในประเทศ,Success
368,หญิง,36 - 45 ปี,นักเรียน/นักศึกษา,ไม่ทราบ,ป้ายโฆษณา/สื่อประชาสัมพันธ์ภายนอก,สนใจมากที่สุด,เข้าชมการแข่งขันในสนาม,ด้านสังคม: ส่งเสริมการกีฬาและสร้างแรงบันดาลใจให้กับคนในประเทศ,Success
369,ชาย,18 - 25 ปี,นักเรียน/นักศึกษา,ทราบ,"สื่อสังคมออนไลน์ (เช่น Facebook, Twitter, Instagram, TikTok)",สนใจน้อย,ชมการถ่ายทอดสดผ่านโทรทัศน์หรือช่องทางออนไลน์,ด้านเศรษฐกิจ: เพิ่มรายได้จากการท่องเที่ยวและการใช้จ่ายที่เกี่ยวข้อง,Success
370,หญิง,36 - 45 ปี,ประกอบอาชีพอิสระ,ทราบ,ป้ายโฆษณา/สื่อประชาสัมพันธ์ภายนอก,สนใจมาก,เข้าร่วมกิจกรรมประชาสัมพันธ์หรือกิจกรรมเสริมต่างๆ,ด้านสังคม: ส่งเสริมการกีฬาและสร้างแรงบันดาลใจให้กับคนในประเทศ,Success
371,หญิง,36 - 45 ปี,ค้าขาย/เจ้าของธุรกิจ,ไม่ทราบ,ป้ายโฆษณา/สื่อประชาสัมพันธ์ภายนอก,สนใจมาก,เข้าชมการแข่งขันในสนาม,ด้านการท่องเที่ยว: ดึงดูดนักท่องเที่ยวต่างชาติให้เดินทางมาไทยมากขึ้น,Success
372,ชาย,26 - 35 ปี,ข้าราชการ/พนักงานรัฐวิสาหกิจ,ทราบ,เว็บไซต์ข่าว/แอปพลิเคชันข่าว,สนใจปานกลาง,เข้าชมการแข่งขันในสนาม,ด้านสังคม: ส่งเสริมการกีฬาและสร้างแรงบันดาลใจให้กับคนในประเทศ,Success
373,ชาย,36 - 45 ปี,พนักงานบริษัทเอกชน,ไม่ทราบ,"สื่อสังคมออนไลน์ (เช่น Facebook, Twitter, Instagram, TikTok)",สนใจน้อย,ซื้อสินค้าหรือของที่ระลึกที่เกี่ยวข้อง,ด้านภาพลักษณ์: สร้างชื่อเสียงและภาพลักษณ์ที่ดีของประเทศในระดับนานาชาติ,Success
374,หญิง,18 - 25 ปี,ค้าขาย/เจ้าของธุรกิจ,ไม่ทราบ,ป้ายโฆษณา/สื่อประชาสัมพันธ์ภายนอก,สนใจปานกลาง,ซื้อสินค้าหรือของที่ระลึกที่เกี่ยวข้อง,ด้านสังคม: ส่งเสริมการกีฬาและสร้างแรงบันดาลใจให้กับคนในประเทศ,Success
375,หญิง,26 - 35 ปี,ค้าขาย/เจ้าของธุรกิจ,ไม่ทราบ,เว็บไซต์ข่าว/แอปพลิเคชันข่าว,สนใจน้อย,ซื้อสินค้าหรือของที่ระลึกที่เกี่ยวข้อง,ด้านเศรษฐกิจ: เพิ่มรายได้จากการท่องเที่ยวและการใช้จ่ายที่เกี่ยวข้อง,Success
376,หญิง,36 - 45 ปี,พนักงานบริษัทเอกชน,ทราบ,ป้ายโฆษณา/สื่อประชาสัมพันธ์ภายนอก,สนใจปานกลาง,ชมการถ่ายทอดสดผ่านโทรทัศน์หรือช่องทางออนไลน์,ด้านการท่องเที่ยว: ดึงดูดนักท่องเที่ยวต่างชาติให้เดินทางมาไทยมากขึ้น,Success
377,หญิง,36 - 45 ปี,พนักงานบริษัทเอกชน,ไม่ทราบ,"สื่อสังคมออนไลน์ (เช่น Facebook, Twitter, Instagram, TikTok)",สนใจมาก,เข้าชมการแข่งขันในสนาม,ด้านการท่องเที่ยว: ดึงดูดนักท่องเที่ยวต่างชาติให้เดินทางมาไทยมากขึ้น,Success
378,ชาย,18 - 25 ปี,นักเรียน/นักศึกษา,ทราบ,"สื่อสังคมออนไลน์ (เช่น Facebook, Twitter, Instagram, TikTok)",สนใจปานกลาง,ซื้อสินค้าหรือของที่ระลึกที่เกี่ยวข้อง,ด้านสังคม: ส่งเสริมการกีฬาและสร้างแรงบันดาลใจให้กับคนในประเทศ,Success
379,หญิง,36 - 45 ปี,ข้าราชการ/พนักงานรัฐวิสาหกิจ,ไม่ทราบ,เว็บไซต์ข่าว/แอปพลิเคชันข่าว,สนใจน้อย,เข้าร่วมกิจกรรมประชาสัมพันธ์หรือกิจกรรมเสริมต่างๆ,ด้านการท่องเที่ยว: ดึงดูดนักท่องเที่ยวต่างชาติให้เดินทางมาไทยมากขึ้น,Success
380,หญิง,36 - 45 ปี,พนักงานบริษัทเอกชน,ไม่ทราบ,"สื่อสังคมออนไลน์ (เช่น Facebook, Twitter, Instagram, TikTok)",ไม่สนใจเลย,ซื้อสินค้าหรือของที่ระลึกที่เกี่ยวข้อง,ด้านภาพลักษณ์: สร้างชื่อเสียงและภาพลักษณ์ที่ดีของประเทศในระดับนานาชาติ,Success
381,ชาย,18 - 25 ปี,ค้าขาย/เจ้าของธุรกิจ,ไม่ทราบ,ป้ายโฆษณา/สื่อประชาสัมพันธ์ภายนอก,สนใจปานกลาง,ซื้อสินค้าหรือของที่ระลึกที่เกี่ยวข้อง,ด้านสังคม: ส่งเสริมการกีฬาและสร้างแรงบันดาลใจให้กับคนในประเทศ,Success
382,หญิง,18 - 25 ปี,นักเรียน/นักศึกษา,ทราบ,ป้ายโฆษณา/สื่อประชาสัมพันธ์ภายนอก,สนใจมากที่สุด,ซื้อสินค้าหรือของที่ระลึกที่เกี่ยวข้อง,ด้านเศรษฐกิจ: เพิ่มรายได้จากการท่องเที่ยวและการใช้จ่ายที่เกี่ยวข้อง,Success
383,หญิง,18 - 25 ปี,พนักงานบริษัทเอกชน,ทราบ,"สื่อสังคมออนไลน์ (เช่น Facebook, Twitter, Instagram, TikTok)",สนใจปานกลาง,เข้าชมการแข่งขันในสนาม,ด้านเศรษฐกิจ: เพิ่มรายได้จากการท่องเที่ยวและการใช้จ่ายที่เกี่ยวข้อง,Success
384,ชาย,26 - 35 ปี,ค้าขาย/เจ้าของธุรกิจ,ทราบ,"สื่อสังคมออนไลน์ (เช่น Facebook, Twitter, Instagram, TikTok)",สนใจมากที่สุด,เข้าร่วมกิจกรรมประชาสัมพันธ์หรือกิจกรรมเสริมต่างๆ,ด้านเศรษฐกิจ: เพิ่มรายได้จากการท่องเที่ยวและการใช้จ่ายที่เกี่ยวข้อง,Success
385,ชาย,18 - 25 ปี,ข้าราชการ/พนักงานรัฐวิสาหกิจ,ทราบ,เว็บไซต์ข่าว/แอปพลิเคชันข่าว,สนใจปานกลาง,ซื้อสินค้าหรือของที่ระลึกที่เกี่ยวข้อง,ด้านภาพลักษณ์: สร้างชื่อเสียงและภาพลักษณ์ที่ดีของประเทศในระดับนานาชาติ,Success
386,ชาย,18 - 25 ปี,ประกอบอาชีพอิสระ,ไม่ทราบ,ป้ายโฆษณา/สื่อประชาสัมพันธ์ภายนอก,สนใจน้อย,ชมการถ่ายทอดสดผ่านโทรทัศน์หรือช่องทางออนไลน์,ด้านภาพลักษณ์: สร้างชื่อเสียงและภาพลักษณ์ที่ดีของประเทศในระดับนานาชาติ,Success
387,ชาย,36 - 45 ปี,พนักงานบริษัทเอกชน,ไม่ทราบ,ป้ายโฆษณา/สื่อประชาสัมพันธ์ภายนอก,สนใจปานกลาง,เข้าร่วมกิจกรรมประชาสัมพันธ์หรือกิจกรรมเสริมต่างๆ,ด้านการท่องเที่ยว: ดึงดูดนักท่องเที่ยวต่างชาติให้เดินทางมาไทยมากขึ้น,Success
388,ชาย,26 - 35 ปี,นักเรียน/นักศึกษา,ทราบ,ป้ายโฆษณา/สื่อประชาสัมพันธ์ภายนอก,ไม่สนใจเลย,เข้าร่วมกิจกรรมประชาสัมพันธ์หรือกิจกรรมเสริมต่างๆ,ด้านเศรษฐกิจ: เพิ่มรายได้จากการท่องเที่ยวและการใช้จ่ายที่เกี่ยวข้อง,Success
389,หญิง,18 - 25 ปี,พนักงานบริษัทเอกชน,ทราบ,ป้ายโฆษณา/สื่อประชาสัมพันธ์ภายนอก,สนใจมาก,เข้าชมการแข่งขันในสนาม,ด้านภาพลักษณ์: สร้างชื่อเสียงและภาพลักษณ์ที่ดีของประเทศในระดับนานาชาติ,Success
390,หญิง,26 - 35 ปี,ประกอบอาชีพอิสระ,ทราบ,เว็บไซต์ข่าว/แอปพลิเคชันข่าว,สนใจมาก,เข้าร่วมกิจกรรมประชาสัมพันธ์หรือกิจกรรมเสริมต่างๆ,ด้านสังคม: ส่งเสริมการกีฬาและสร้างแรงบันดาลใจให้กับคนในประเทศ,Success
391,ชาย,18 - 25 ปี,พนักงานบริษัทเอกชน,ทราบ,ป้ายโฆษณา/สื่อประชาสัมพันธ์ภายนอก,สนใจปานกลาง,ชมการถ่ายทอดสดผ่านโทรทัศน์หรือช่องทางออนไลน์,ด้านภาพลักษณ์: สร้างชื่อเสียงและภาพลักษณ์ที่ดีของประเทศในระดับนานาชาติ,Success
392,หญิง,26 - 35 ปี,ค้าขาย/เจ้าของธุรกิจ,ไม่ทราบ,ป้ายโฆษณา/สื่อประชาสัมพันธ์ภายนอก,สนใจมากที่สุด,ชมการถ่ายทอดสดผ่านโทรทัศน์หรือช่องทางออนไลน์,ด้านภาพลักษณ์: สร้างชื่อเสียงและภาพลักษณ์ที่ดีของประเทศในระดับนานาชาติ,Success
393,หญิง,26 - 35 ปี,ข้าราชการ/พนักงานรัฐวิสาหกิจ,ไม่ทราบ,ป้ายโฆษณา/สื่อประชาสัมพันธ์ภายนอก,ไม่สนใจเลย,เข้าร่วมกิจกรรมประชาสัมพันธ์หรือกิจกรรมเสริมต่างๆ,ด้านภาพลักษณ์: สร้างชื่อเสียงและภาพลักษณ์ที่ดีของประเทศในระดับนานาชาติ,Success
394,ชาย,36 - 45 ปี,พนักงานบริษัทเอกชน,ทราบ,"สื่อสังคมออนไลน์ (เช่น Facebook, Twitter, Instagram, TikTok)",สนใจมากที่สุด,เข้าร่วมกิจกรรมประชาสัมพันธ์หรือกิจกรรมเสริมต่างๆ,ด้านการท่องเที่ยว: ดึงดูดนักท่องเที่ยวต่างชาติให้เดินทางมาไทยมากขึ้น,Success
395,ชาย,18 - 25 ปี,ประกอบอาชีพอิสระ,ทราบ,เว็บไซต์ข่าว/แอปพลิเคชันข่าว,สนใจมากที่สุด,เข้าร่วมกิจกรรมประชาสัมพันธ์หรือกิจกรรมเสริมต่างๆ,ด้านเศรษฐกิจ: เพิ่มรายได้จากการท่องเที่ยวและการใช้จ่ายที่เกี่ยวข้อง,Success
396,ชาย,26 - 35 ปี,ค้าขาย/เจ้าของธุรกิจ,ไม่ทราบ,เว็บไซต์ข่าว/แอปพลิเคชันข่าว,สนใจปานกลาง,เข้าชมการแข่งขันในสนาม,ด้านเศรษฐกิจ: เพิ่มรายได้จากการท่องเที่ยวและการใช้จ่ายที่เกี่ยวข้อง,Success
397,ชาย,36 - 45 ปี,ค้าขาย/เจ้าของธุรกิจ,ไม่ทราบ,เว็บไซต์ข่าว/แอปพลิเคชันข่าว,สนใจมาก,เข้าชมการแข่งขันในสนาม,ด้านภาพลักษณ์: สร้างชื่อเสียงและภาพลักษณ์ที่ดีของประเทศในระดับนานาชาติ,Success
398,ชาย,18 - 25 ปี,นักเรียน/นักศึกษา,ทราบ,"สื่อสังคมออนไลน์ (เช่น Facebook, Twitter, Instagram, TikTok)",สนใจปานกลาง,เข้าร่วมกิจกรรมประชาสัมพันธ์หรือกิจกรรมเสริมต่างๆ,ด้านเศรษฐกิจ: เพิ่มรายได้จากการท่องเที่ยวและการใช้จ่ายที่เกี่ยวข้อง,Success
399,ชาย,26 - 35 ปี,ประกอบอาชีพอิสระ,ทราบ,"สื่อสังคมออนไลน์ (เช่น Facebook, Twitter, Instagram, TikTok)",สนใจปานกลาง,ชมการถ่ายทอดสดผ่านโทรทัศน์หรือช่องทางออนไลน์,ด้านภาพลักษณ์: สร้างชื่อเสียงและภาพลักษณ์ที่ดีของประเทศในระดับนานาชาติ,Success
400,ชาย,26 - 35 ปี,นักเรียน/นักศึกษา,ไม่ทราบ,เว็บไซต์ข่าว/แอปพลิเคชันข่าว,ไม่สนใจเลย,ซื้อสินค้าหรือของที่ระลึกที่เกี่ยวข้อง,ด้านเศรษฐกิจ: เพิ่มรายได้จากการท่องเที่ยวและการใช้จ่ายที่เกี่ยวข้อง,Success
401,ชาย,36 - 45 ปี,ค้าขาย/เจ้าของธุรกิจ,ไม่ทราบ,ป้ายโฆษณา/สื่อประชาสัมพันธ์ภายนอก,สนใจมากที่สุด,ซื้อสินค้าหรือของที่ระลึกที่เกี่ยวข้อง,ด้านสังคม: ส่งเสริมการกีฬาและสร้างแรงบันดาลใจให้กับคนในประเทศ,Success
402,ชาย,26 - 35 ปี,ข้าราชการ/พนักงานรัฐวิสาหกิจ,ทราบ,เว็บไซต์ข่าว/แอปพลิเคชันข่าว,สนใจมากที่สุด,เข้าร่วมกิจกรรมประชาสัมพันธ์หรือกิจกรรมเสริมต่างๆ,ด้านการท่องเที่ยว: ดึงดูดนักท่องเที่ยวต่างชาติให้เดินทางมาไทยมากขึ้น,Success
403,ชาย,26 - 35 ปี,นักเรียน/นักศึกษา,ไม่ทราบ,เว็บไซต์ข่าว/แอปพลิเคชันข่าว,สนใจน้อย,เข้าร่วมกิจกรรมประชาสัมพันธ์หรือกิจกรรมเสริมต่างๆ,ด้านภาพลักษณ์: สร้างชื่อเสียงและภาพลักษณ์ที่ดีของประเทศในระดับนานาชาติ,Success
404,หญิง,36 - 45 ปี,ประกอบอาชีพอิสระ,ทราบ,เว็บไซต์ข่าว/แอปพลิเคชันข่าว,ไม่สนใจเลย,เข้าร่วมกิจกรรมประชาสัมพันธ์หรือกิจกรรมเสริมต่างๆ,ด้านการท่องเที่ยว: ดึงดูดนักท่องเที่ยวต่างชาติให้เดินทางมาไทยมากขึ้น,Success
405,ชาย,26 - 35 ปี,นักเรียน/นักศึกษา,ทราบ,ป้ายโฆษณา/สื่อประชาสัมพันธ์ภายนอก,สนใจปานกลาง,เข้าชมการแข่งขันในสนาม,ด้านภาพลักษณ์: สร้างชื่อเสียงและภาพลักษณ์ที่ดีของประเทศในระดับนานาชาติ,Success
406,หญิง,26 - 35 ปี,ค้าขาย/เจ้าของธุรกิจ,ทราบ,เว็บไซต์ข่าว/แอปพลิเคชันข่าว,สนใจน้อย,ซื้อสินค้าหรือของที่ระลึกที่เกี่ยวข้อง,ด้านการท่องเที่ยว: ดึงดูดนักท่องเที่ยวต่างชาติให้เดินทางมาไทยมากขึ้น,Success
407,ชาย,18 - 25 ปี,ประกอบอาชีพอิสระ,ไม่ทราบ,"สื่อสังคมออนไลน์ (เช่น Facebook, Twitter, Instagram, TikTok)",สนใจปานกลาง,ชมการถ่ายทอดสดผ่านโทรทัศน์หรือช่องทางออนไลน์,ด้านภาพลักษณ์: สร้างชื่อเสียงและภาพลักษณ์ที่ดีของประเทศในระดับนานาชาติ,Success
408,หญิง,18 - 25 ปี,พนักงานบริษัทเอกชน,ทราบ,"สื่อสังคมออนไลน์ (เช่น Facebook, Twitter, Instagram, TikTok)",สนใจมาก,เข้าร่วมกิจกรรมประชาสัมพันธ์หรือกิจกรรมเสริมต่างๆ,ด้านการท่องเที่ยว: ดึงดูดนักท่องเที่ยวต่างชาติให้เดินทางมาไทยมากขึ้น,Success
409,ชาย,18 - 25 ปี,ข้าราชการ/พนักงานรัฐวิสาหกิจ,ทราบ,ป้ายโฆษณา/สื่อประชาสัมพันธ์ภายนอก,สนใจมากที่สุด,เข้าชมการแข่งขันในสนาม,ด้านเศรษฐกิจ: เพิ่มรายได้จากการท่องเที่ยวและการใช้จ่ายที่เกี่ยวข้อง,Success
410,หญิง,36 - 45 ปี,ประกอบอาชีพอิสระ,ทราบ,ป้ายโฆษณา/สื่อประชาสัมพันธ์ภายนอก,สนใจมาก,เข้าชมการแข่งขันในสนาม,ด้านการท่องเที่ยว: ดึงดูดนักท่องเที่ยวต่างชาติให้เดินทางมาไทยมากขึ้น,Success
411,หญิง,18 - 25 ปี,ข้าราชการ/พนักงานรัฐวิสาหกิจ,ทราบ,เว็บไซต์ข่าว/แอปพลิเคชันข่าว,ไม่สนใจเลย,เข้าร่วมกิจกรรมประชาสัมพันธ์หรือกิจกรรมเสริมต่างๆ,ด้านสังคม: ส่งเสริมการกีฬาและสร้างแรงบันดาลใจให้กับคนในประเทศ,Success
412,หญิง,36 - 45 ปี,ค้าขาย/เจ้าของธุรกิจ,ไม่ทราบ,เว็บไซต์ข่าว/แอปพลิเคชันข่าว,สนใจมาก,ซื้อสินค้าหรือของที่ระลึกที่เกี่ยวข้อง,ด้านการท่องเที่ยว: ดึงดูดนักท่องเที่ยวต่างชาติให้เดินทางมาไทยมากขึ้น,Success
413,ชาย,36 - 45 ปี,ค้าขาย/เจ้าของธุรกิจ,ไม่ทราบ,ป้ายโฆษณา/สื่อประชาสัมพันธ์ภายนอก,ไม่สนใจเลย,เข้าร่วมกิจกรรมประชาสัมพันธ์หรือกิจกรรมเสริมต่างๆ,ด้านการท่องเที่ยว: ดึงดูดนักท่องเที่ยวต่างชาติให้เดินทางมาไทยมากขึ้น,Success
414,หญิง,26 - 35 ปี,ประกอบอาชีพอิสระ,ไม่ทราบ,ป้ายโฆษณา/สื่อประชาสัมพันธ์ภายนอก,สนใจมาก,เข้าชมการแข่งขันในสนาม,ด้านภาพลักษณ์: สร้างชื่อเสียงและภาพลักษณ์ที่ดีของประเทศในระดับนานาชาติ,Success
415,ชาย,36 - 45 ปี,ข้าราชการ/พนักงานรัฐวิสาหกิจ,ทราบ,"สื่อสังคมออนไลน์ (เช่น Facebook, Twitter, Instagram, TikTok)",สนใจมากที่สุด,เข้าร่วมกิจกรรมประชาสัมพันธ์หรือกิจกรรมเสริมต่างๆ,ด้านการท่องเที่ยว: ดึงดูดนักท่องเที่ยวต่างชาติให้เดินทางมาไทยมากขึ้น,Success
416,ชาย,18 - 25 ปี,พนักงานบริษัทเอกชน,ไม่ทราบ,เว็บไซต์ข่าว/แอปพลิเคชันข่าว,สนใจมากที่สุด,เข้าชมการแข่งขันในสนาม,ด้านสังคม: ส่งเสริมการกีฬาและสร้างแรงบันดาลใจให้กับคนในประเทศ,Success
417,หญิง,26 - 35 ปี,ค้าขาย/เจ้าของธุรกิจ,ไม่ทราบ,เว็บไซต์ข่าว/แอปพลิเคชันข่าว,สนใจมากที่สุด,เข้าร่วมกิจกรรมประชาสัมพันธ์หรือกิจกรรมเสริมต่างๆ,ด้านเศรษฐกิจ: เพิ่มรายได้จากการท่องเที่ยวและการใช้จ่ายที่เกี่ยวข้อง,Success
418,ชาย,26 - 35 ปี,ค้าขาย/เจ้าของธุรกิจ,ไม่ทราบ,เว็บไซต์ข่าว/แอปพลิเคชันข่าว,สนใจมากที่สุด,เข้าร่วมกิจกรรมประชาสัมพันธ์หรือกิจกรรมเสริมต่างๆ,ด้านการท่องเที่ยว: ดึงดูดนักท่องเที่ยวต่างชาติให้เดินทางมาไทยมากขึ้น,Success
419,หญิง,26 - 35 ปี,ข้าราชการ/พนักงานรัฐวิสาหกิจ,ไม่ทราบ,ป้ายโฆษณา/สื่อประชาสัมพันธ์ภายนอก,ไม่สนใจเลย,ซื้อสินค้าหรือของที่ระลึกที่เกี่ยวข้อง,ด้านภาพลักษณ์: สร้างชื่อเสียงและภาพลักษณ์ที่ดีของประเทศในระดับนานาชาติ,Success
420,หญิง,18 - 25 ปี,ค้าขาย/เจ้าของธุรกิจ,ไม่ทราบ,ป้ายโฆษณา/สื่อประชาสัมพันธ์ภายนอก,สนใจมาก,เข้าชมการแข่งขันในสนาม,ด้านสังคม: ส่งเสริมการกีฬาและสร้างแรงบันดาลใจให้กับคนในประเทศ,Success
421,ชาย,18 - 25 ปี,นักเรียน/นักศึกษา,ทราบ,เว็บไซต์ข่าว/แอปพลิเคชันข่าว,ไม่สนใจเลย,ชมการถ่ายทอดสดผ่านโทรทัศน์หรือช่องทางออนไลน์,ด้านภาพลักษณ์: สร้างชื่อเสียงและภาพลักษณ์ที่ดีของประเทศในระดับนานาชาติ,Success
422,ชาย,26 - 35 ปี,ข้าราชการ/พนักงานรัฐวิสาหกิจ,ไม่ทราบ,"สื่อสังคมออนไลน์ (เช่น Facebook, Twitter, Instagram, TikTok)",สนใจมากที่สุด,ชมการถ่ายทอดสดผ่านโทรทัศน์หรือช่องทางออนไลน์,ด้านเศรษฐกิจ: เพิ่มรายได้จากการท่องเที่ยวและการใช้จ่ายที่เกี่ยวข้อง,Success
423,หญิง,36 - 45 ปี,นักเรียน/นักศึกษา,ทราบ,"สื่อสังคมออนไลน์ (เช่น Facebook, Twitter, Instagram, TikTok)",สนใจปานกลาง,ชมการถ่ายทอดสดผ่านโทรทัศน์หรือช่องทางออนไลน์,ด้านสังคม: ส่งเสริมการกีฬาและสร้างแรงบันดาลใจให้กับคนในประเทศ,Success
424,หญิง,18 - 25 ปี,ค้าขาย/เจ้าของธุรกิจ,ไม่ทราบ,ป้ายโฆษณา/สื่อประชาสัมพันธ์ภายนอก,สนใจปานกลาง,ชมการถ่ายทอดสดผ่านโทรทัศน์หรือช่องทางออนไลน์,ด้านสังคม: ส่งเสริมการกีฬาและสร้างแรงบันดาลใจให้กับคนในประเทศ,Success
425,ชาย,36 - 45 ปี,พนักงานบริษัทเอกชน,ทราบ,ป้ายโฆษณา/สื่อประชาสัมพันธ์ภายนอก,สนใจมากที่สุด,เข้าชมการแข่งขันในสนาม,ด้านภาพลักษณ์: สร้างชื่อเสียงและภาพลักษณ์ที่ดีของประเทศในระดับนานาชาติ,Success
426,หญิง,18 - 25 ปี,ประกอบอาชีพอิสระ,ไม่ทราบ,เว็บไซต์ข่าว/แอปพลิเคชันข่าว,สนใจมาก,เข้าชมการแข่งขันในสนาม,ด้านสังคม: ส่งเสริมการกีฬาและสร้างแรงบันดาลใจให้กับคนในประเทศ,Success
427,ชาย,18 - 25 ปี,ค้าขาย/เจ้าของธุรกิจ,ไม่ทราบ,เว็บไซต์ข่าว/แอปพลิเคชันข่าว,สนใจมากที่สุด,ซื้อสินค้าหรือของที่ระลึกที่เกี่ยวข้อง,ด้านการท่องเที่ยว: ดึงดูดนักท่องเที่ยวต่างชาติให้เดินทางมาไทยมากขึ้น,Success
428,หญิง,36 - 45 ปี,ข้าราชการ/พนักงานรัฐวิสาหกิจ,ทราบ,"สื่อสังคมออนไลน์ (เช่น Facebook, Twitter, Instagram, TikTok)",ไม่สนใจเลย,ชมการถ่ายทอดสดผ่านโทรทัศน์หรือช่องทางออนไลน์,ด้านภาพลักษณ์: สร้างชื่อเสียงและภาพลักษณ์ที่ดีของประเทศในระดับนานาชาติ,Success
429,หญิง,18 - 25 ปี,ค้าขาย/เจ้าของธุรกิจ,ไม่ทราบ,เว็บไซต์ข่าว/แอปพลิเคชันข่าว,สนใจมาก,เข้าชมการแข่งขันในสนาม,ด้านภาพลักษณ์: สร้างชื่อเสียงและภาพลักษณ์ที่ดีของประเทศในระดับนานาชาติ,Success
430,ชาย,26 - 35 ปี,ค้าขาย/เจ้าของธุรกิจ,ทราบ,เว็บไซต์ข่าว/แอปพลิเคชันข่าว,สนใจปานกลาง,ชมการถ่ายทอดสดผ่านโทรทัศน์หรือช่องทางออนไลน์,ด้านสังคม: ส่งเสริมการกีฬาและสร้างแรงบันดาลใจให้กับคนในประเทศ,Success
431,หญิง,36 - 45 ปี,ประกอบอาชีพอิสระ,ไม่ทราบ,"สื่อสังคมออนไลน์ (เช่น Facebook, Twitter, Instagram, TikTok)",สนใจมาก,เข้าร่วมกิจกรรมประชาสัมพันธ์หรือกิจกรรมเสริมต่างๆ,ด้านสังคม: ส่งเสริมการกีฬาและสร้างแรงบันดาลใจให้กับคนในประเทศ,Success
432,หญิง,36 - 45 ปี,ข้าราชการ/พนักงานรัฐวิสาหกิจ,ทราบ,เว็บไซต์ข่าว/แอปพลิเคชันข่าว,สนใจมาก,ซื้อสินค้าหรือของที่ระลึกที่เกี่ยวข้อง,ด้านสังคม: ส่งเสริมการกีฬาและสร้างแรงบันดาลใจให้กับคนในประเทศ,Success
433,หญิง,36 - 45 ปี,ค้าขาย/เจ้าของธุรกิจ,ทราบ,"สื่อสังคมออนไลน์ (เช่น Facebook, Twitter, Instagram, TikTok)",สนใจมาก,เข้าชมการแข่งขันในสนาม,ด้านเศรษฐกิจ: เพิ่มรายได้จากการท่องเที่ยวและการใช้จ่ายที่เกี่ยวข้อง,Success
434,ชาย,18 - 25 ปี,ประกอบอาชีพอิสระ,ทราบ,เว็บไซต์ข่าว/แอปพลิเคชันข่าว,สนใจน้อย,เข้าร่วมกิจกรรมประชาสัมพันธ์หรือกิจกรรมเสริมต่างๆ,ด้านภาพลักษณ์: สร้างชื่อเสียงและภาพลักษณ์ที่ดีของประเทศในระดับนานาชาติ,Success
435,ชาย,36 - 45 ปี,ประกอบอาชีพอิสระ,ทราบ,ป้ายโฆษณา/สื่อประชาสัมพันธ์ภายนอก,ไม่สนใจเลย,เข้าร่วมกิจกรรมประชาสัมพันธ์หรือกิจกรรมเสริมต่างๆ,ด้านการท่องเที่ยว: ดึงดูดนักท่องเที่ยวต่างชาติให้เดินทางมาไทยมากขึ้น,Success
436,ชาย,18 - 25 ปี,ประกอบอาชีพอิสระ,ทราบ,"สื่อสังคมออนไลน์ (เช่น Facebook, Twitter, Instagram, TikTok)",ไม่สนใจเลย,เข้าชมการแข่งขันในสนาม,ด้านสังคม: ส่งเสริมการกีฬาและสร้างแรงบันดาลใจให้กับคนในประเทศ,Success
437,หญิง,26 - 35 ปี,ข้าราชการ/พนักงานรัฐวิสาหกิจ,ทราบ,"สื่อสังคมออนไลน์ (เช่น Facebook, Twitter, Instagram, TikTok)",สนใจมากที่สุด,เข้าชมการแข่งขันในสนาม,ด้านสังคม: ส่งเสริมการกีฬาและสร้างแรงบันดาลใจให้กับคนในประเทศ,Success
438,ชาย,18 - 25 ปี,นักเรียน/นักศึกษา,ทราบ,"สื่อสังคมออนไลน์ (เช่น Facebook, Twitter, Instagram, TikTok)",สนใจน้อย,เข้าชมการแข่งขันในสนาม,ด้านเศรษฐกิจ: เพิ่มรายได้จากการท่องเที่ยวและการใช้จ่ายที่เกี่ยวข้อง,Success
439,หญิง,26 - 35 ปี,ข้าราชการ/พนักงานรัฐวิสาหกิจ,ไม่ทราบ,ป้ายโฆษณา/สื่อประชาสัมพันธ์ภายนอก,สนใจมาก,เข้าชมการแข่งขันในสนาม,ด้านเศรษฐกิจ: เพิ่มรายได้จากการท่องเที่ยวและการใช้จ่ายที่เกี่ยวข้อง,Success
440,ชาย,18 - 25 ปี,ข้าราชการ/พนักงานรัฐวิสาหกิจ,ไม่ทราบ,ป้ายโฆษณา/สื่อประชาสัมพันธ์ภายนอก,ไม่สนใจเลย,ซื้อสินค้าหรือของที่ระลึกที่เกี่ยวข้อง,ด้านภาพลักษณ์: สร้างชื่อเสียงและภาพลักษณ์ที่ดีของประเทศในระดับนานาชาติ,Success
441,ชาย,26 - 35 ปี,พนักงานบริษัทเอกชน,ทราบ,เว็บไซต์ข่าว/แอปพลิเคชันข่าว,สนใจน้อย,เข้าชมการแข่งขันในสนาม,ด้านสังคม: ส่งเสริมการกีฬาและสร้างแรงบันดาลใจให้กับคนในประเทศ,Success
442,ชาย,36 - 45 ปี,พนักงานบริษัทเอกชน,ไม่ทราบ,"สื่อสังคมออนไลน์ (เช่น Facebook, Twitter, Instagram, TikTok)",สนใจปานกลาง,ชมการถ่ายทอดสดผ่านโทรทัศน์หรือช่องทางออนไลน์,ด้านเศรษฐกิจ: เพิ่มรายได้จากการท่องเที่ยวและการใช้จ่ายที่เกี่ยวข้อง,Success
443,หญิง,18 - 25 ปี,ข้าราชการ/พนักงานรัฐวิสาหกิจ,ทราบ,ป้ายโฆษณา/สื่อประชาสัมพันธ์ภายนอก,สนใจมาก,เข้าชมการแข่งขันในสนาม,ด้านสังคม: ส่งเสริมการกีฬาและสร้างแรงบันดาลใจให้กับคนในประเทศ,Success
444,หญิง,26 - 35 ปี,ข้าราชการ/พนักงานรัฐวิสาหกิจ,ทราบ,ป้ายโฆษณา/สื่อประชาสัมพันธ์ภายนอก,ไม่สนใจเลย,ชมการถ่ายทอดสดผ่านโทรทัศน์หรือช่องทางออนไลน์,ด้านการท่องเที่ยว: ดึงดูดนักท่องเที่ยวต่างชาติให้เดินทางมาไทยมากขึ้น,Success
445,หญิง,26 - 35 ปี,ข้าราชการ/พนักงานรัฐวิสาหกิจ,ไม่ทราบ,ป้ายโฆษณา/สื่อประชาสัมพันธ์ภายนอก,สนใจมาก,เข้าร่วมกิจกรรมประชาสัมพันธ์หรือกิจกรรมเสริมต่างๆ,ด้านการท่องเที่ยว: ดึงดูดนักท่องเที่ยวต่างชาติให้เดินทางมาไทยมากขึ้น,Success
446,หญิง,26 - 35 ปี,ค้าขาย/เจ้าของธุรกิจ,ไม่ทราบ,เว็บไซต์ข่าว/แอปพลิเคชันข่าว,สนใจมากที่สุด,ชมการถ่ายทอดสดผ่านโทรทัศน์หรือช่องทางออนไลน์,ด้านการท่องเที่ยว: ดึงดูดนักท่องเที่ยวต่างชาติให้เดินทางมาไทยมากขึ้น,Success
447,ชาย,36 - 45 ปี,ข้าราชการ/พนักงานรัฐวิสาหกิจ,ทราบ,เว็บไซต์ข่าว/แอปพลิเคชันข่าว,สนใจน้อย,ซื้อสินค้าหรือของที่ระลึกที่เกี่ยวข้อง,ด้านเศรษฐกิจ: เพิ่มรายได้จากการท่องเที่ยวและการใช้จ่ายที่เกี่ยวข้อง,Success
448,ชาย,18 - 25 ปี,พนักงานบริษัทเอกชน,ทราบ,"สื่อสังคมออนไลน์ (เช่น Facebook, Twitter, Instagram, TikTok)",สนใจปานกลาง,ชมการถ่ายทอดสดผ่านโทรทัศน์หรือช่องทางออนไลน์,ด้านภาพลักษณ์: สร้างชื่อเสียงและภาพลักษณ์ที่ดีของประเทศในระดับนานาชาติ,Success
449,หญิง,18 - 25 ปี,นักเรียน/นักศึกษา,ไม่ทราบ,ป้ายโฆษณา/สื่อประชาสัมพันธ์ภายนอก,สนใจปานกลาง,เข้าชมการแข่งขันในสนาม,ด้านสังคม: ส่งเสริมการกีฬาและสร้างแรงบันดาลใจให้กับคนในประเทศ,Success
450,ชาย,26 - 35 ปี,ข้าราชการ/พนักงานรัฐวิสาหกิจ,ทราบ,ป้ายโฆษณา/สื่อประชาสัมพันธ์ภายนอก,ไม่สนใจเลย,ชมการถ่ายทอดสดผ่านโทรทัศน์หรือช่องทางออนไลน์,ด้านเศรษฐกิจ: เพิ่มรายได้จากการท่องเที่ยวและการใช้จ่ายที่เกี่ยวข้อง,Success
451,หญิง,26 - 35 ปี,ข้าราชการ/พนักงานรัฐวิสาหกิจ,ทราบ,ป้ายโฆษณา/สื่อประชาสัมพันธ์ภายนอก,สนใจมาก,เข้าชมการแข่งขันในสนาม,ด้านสังคม: ส่งเสริมการกีฬาและสร้างแรงบันดาลใจให้กับคนในประเทศ,Success
452,หญิง,36 - 45 ปี,ข้าราชการ/พนักงานรัฐวิสาหกิจ,ทราบ,เว็บไซต์ข่าว/แอปพลิเคชันข่าว,สนใจมาก,เข้าชมการแข่งขันในสนาม,ด้านเศรษฐกิจ: เพิ่มรายได้จากการท่องเที่ยวและการใช้จ่ายที่เกี่ยวข้อง,Success
453,ชาย,36 - 45 ปี,ค้าขาย/เจ้าของธุรกิจ,ไม่ทราบ,เว็บไซต์ข่าว/แอปพลิเคชันข่าว,สนใจน้อย,เข้าชมการแข่งขันในสนาม,ด้านการท่องเที่ยว: ดึงดูดนักท่องเที่ยวต่างชาติให้เดินทางมาไทยมากขึ้น,Success
454,หญิง,26 - 35 ปี,ข้าราชการ/พนักงานรัฐวิสาหกิจ,ทราบ,ป้ายโฆษณา/สื่อประชาสัมพันธ์ภายนอก,สนใจมากที่สุด,เข้าร่วมกิจกรรมประชาสัมพันธ์หรือกิจกรรมเสริมต่างๆ,ด้านการท่องเที่ยว: ดึงดูดนักท่องเที่ยวต่างชาติให้เดินทางมาไทยมากขึ้น,Success
455,หญิง,36 - 45 ปี,ข้าราชการ/พนักงานรัฐวิสาหกิจ,ไม่ทราบ,เว็บไซต์ข่าว/แอปพลิเคชันข่าว,สนใจน้อย,ชมการถ่ายทอดสดผ่านโทรทัศน์หรือช่องทางออนไลน์,ด้านภาพลักษณ์: สร้างชื่อเสียงและภาพลักษณ์ที่ดีของประเทศในระดับนานาชาติ,Success
456,หญิง,18 - 25 ปี,นักเรียน/นักศึกษา,ไม่ทราบ,เว็บไซต์ข่าว/แอปพลิเคชันข่าว,ไม่สนใจเลย,เข้าร่วมกิจกรรมประชาสัมพันธ์หรือกิจกรรมเสริมต่างๆ,ด้านเศรษฐกิจ: เพิ่มรายได้จากการท่องเที่ยวและการใช้จ่ายที่เกี่ยวข้อง,Success
457,หญิง,26 - 35 ปี,พนักงานบริษัทเอกชน,ทราบ,ป้ายโฆษณา/สื่อประชาสัมพันธ์ภายนอก,สนใจมากที่สุด,เข้าร่วมกิจกรรมประชาสัมพันธ์หรือกิจกรรมเสริมต่างๆ,ด้านสังคม: ส่งเสริมการกีฬาและสร้างแรงบันดาลใจให้กับคนในประเทศ,Success
458,ชาย,18 - 25 ปี,ค้าขาย/เจ้าของธุรกิจ,ทราบ,เว็บไซต์ข่าว/แอปพลิเคชันข่าว,สนใจมากที่สุด,ชมการถ่ายทอดสดผ่านโทรทัศน์หรือช่องทางออนไลน์,ด้านสังคม: ส่งเสริมการกีฬาและสร้างแรงบันดาลใจให้กับคนในประเทศ,Success
459,หญิง,36 - 45 ปี,นักเรียน/นักศึกษา,ไม่ทราบ,"สื่อสังคมออนไลน์ (เช่น Facebook, Twitter, Instagram, TikTok)",สนใจน้อย,ชมการถ่ายทอดสดผ่านโทรทัศน์หรือช่องทางออนไลน์,ด้านภาพลักษณ์: สร้างชื่อเสียงและภาพลักษณ์ที่ดีของประเทศในระดับนานาชาติ,Success
460,หญิง,36 - 45 ปี,ค้าขาย/เจ้าของธุรกิจ,ไม่ทราบ,ป้ายโฆษณา/สื่อประชาสัมพันธ์ภายนอก,ไม่สนใจเลย,เข้าชมการแข่งขันในสนาม,ด้านภาพลักษณ์: สร้างชื่อเสียงและภาพลักษณ์ที่ดีของประเทศในระดับนานาชาติ,Success
461,ชาย,26 - 35 ปี,ค้าขาย/เจ้าของธุรกิจ,ทราบ,เว็บไซต์ข่าว/แอปพลิเคชันข่าว,ไม่สนใจเลย,ชมการถ่ายทอดสดผ่านโทรทัศน์หรือช่องทางออนไลน์,ด้านเศรษฐกิจ: เพิ่มรายได้จากการท่องเที่ยวและการใช้จ่ายที่เกี่ยวข้อง,Success
462,ชาย,18 - 25 ปี,ค้าขาย/เจ้าของธุรกิจ,ทราบ,ป้ายโฆษณา/สื่อประชาสัมพันธ์ภายนอก,สนใจปานกลาง,ชมการถ่ายทอดสดผ่านโทรทัศน์หรือช่องทางออนไลน์,ด้านการท่องเที่ยว: ดึงดูดนักท่องเที่ยวต่างชาติให้เดินทางมาไทยมากขึ้น,Success
463,ชาย,18 - 25 ปี,ค้าขาย/เจ้าของธุรกิจ,ทราบ,ป้ายโฆษณา/สื่อประชาสัมพันธ์ภายนอก,สนใจน้อย,ซื้อสินค้าหรือของที่ระลึกที่เกี่ยวข้อง,ด้านภาพลักษณ์: สร้างชื่อเสียงและภาพลักษณ์ที่ดีของประเทศในระดับนานาชาติ,Success
464,หญิง,36 - 45 ปี,ประกอบอาชีพอิสระ,ทราบ,"สื่อสังคมออนไลน์ (เช่น Facebook, Twitter, Instagram, TikTok)",สนใจมากที่สุด,เข้าร่วมกิจกรรมประชาสัมพันธ์หรือกิจกรรมเสริมต่างๆ,ด้านการท่องเที่ยว: ดึงดูดนักท่องเที่ยวต่างชาติให้เดินทางมาไทยมากขึ้น,Success
465,หญิง,18 - 25 ปี,ประกอบอาชีพอิสระ,ทราบ,ป้ายโฆษณา/สื่อประชาสัมพันธ์ภายนอก,สนใจมากที่สุด,เข้าชมการแข่งขันในสนาม,ด้านสังคม: ส่งเสริมการกีฬาและสร้างแรงบันดาลใจให้กับคนในประเทศ,Success
466,ชาย,18 - 25 ปี,ประกอบอาชีพอิสระ,ไม่ทราบ,ป้ายโฆษณา/สื่อประชาสัมพันธ์ภายนอก,สนใจน้อย,ชมการถ่ายทอดสดผ่านโทรทัศน์หรือช่องทางออนไลน์,ด้านสังคม: ส่งเสริมการกีฬาและสร้างแรงบันดาลใจให้กับคนในประเทศ,Success
467,ชาย,18 - 25 ปี,พนักงานบริษัทเอกชน,ไม่ทราบ,เว็บไซต์ข่าว/แอปพลิเคชันข่าว,สนใจปานกลาง,ชมการถ่ายทอดสดผ่านโทรทัศน์หรือช่องทางออนไลน์,ด้านการท่องเที่ยว: ดึงดูดนักท่องเที่ยวต่างชาติให้เดินทางมาไทยมากขึ้น,Success
468,ชาย,18 - 25 ปี,ประกอบอาชีพอิสระ,ไม่ทราบ,"สื่อสังคมออนไลน์ (เช่น Facebook, Twitter, Instagram, TikTok)",ไม่สนใจเลย,ชมการถ่ายทอดสดผ่านโทรทัศน์หรือช่องทางออนไลน์,ด้านเศรษฐกิจ: เพิ่มรายได้จากการท่องเที่ยวและการใช้จ่ายที่เกี่ยวข้อง,Success
469,ชาย,36 - 45 ปี,นักเรียน/นักศึกษา,ไม่ทราบ,"สื่อสังคมออนไลน์ (เช่น Facebook, Twitter, Instagram, TikTok)",สนใจปานกลาง,ชมการถ่ายทอดสดผ่านโทรทัศน์หรือช่องทางออนไลน์,ด้านสังคม: ส่งเสริมการกีฬาและสร้างแรงบันดาลใจให้กับคนในประเทศ,Success
470,หญิง,26 - 35 ปี,ประกอบอาชีพอิสระ,ไม่ทราบ,เว็บไซต์ข่าว/แอปพลิเคชันข่าว,สนใจปานกลาง,ชมการถ่ายทอดสดผ่านโทรทัศน์หรือช่องทางออนไลน์,ด้านภาพลักษณ์: สร้างชื่อเสียงและภาพลักษณ์ที่ดีของประเทศในระดับนานาชาติ,Success
471,ชาย,18 - 25 ปี,ข้าราชการ/พนักงานรัฐวิสาหกิจ,ทราบ,เว็บไซต์ข่าว/แอปพลิเคชันข่าว,สนใจมาก,เข้าชมการแข่งขันในสนาม,ด้านสังคม: ส่งเสริมการกีฬาและสร้างแรงบันดาลใจให้กับคนในประเทศ,Success
472,หญิง,26 - 35 ปี,ประกอบอาชีพอิสระ,ไม่ทราบ,ป้ายโฆษณา/สื่อประชาสัมพันธ์ภายนอก,สนใจปานกลาง,ชมการถ่ายทอดสดผ่านโทรทัศน์หรือช่องทางออนไลน์,ด้านสังคม: ส่งเสริมการกีฬาและสร้างแรงบันดาลใจให้กับคนในประเทศ,Success
473,หญิง,18 - 25 ปี,ค้าขาย/เจ้าของธุรกิจ,ไม่ทราบ,เว็บไซต์ข่าว/แอปพลิเคชันข่าว,สนใจน้อย,เข้าชมการแข่งขันในสนาม,ด้านภาพลักษณ์: สร้างชื่อเสียงและภาพลักษณ์ที่ดีของประเทศในระดับนานาชาติ,Success
474,ชาย,18 - 25 ปี,ประกอบอาชีพอิสระ,ไม่ทราบ,เว็บไซต์ข่าว/แอปพลิเคชันข่าว,สนใจมาก,ชมการถ่ายทอดสดผ่านโทรทัศน์หรือช่องทางออนไลน์,ด้านการท่องเที่ยว: ดึงดูดนักท่องเที่ยวต่างชาติให้เดินทางมาไทยมากขึ้น,Success
475,ชาย,18 - 25 ปี,ข้าราชการ/พนักงานรัฐวิสาหกิจ,ไม่ทราบ,เว็บไซต์ข่าว/แอปพลิเคชันข่าว,ไม่สนใจเลย,เข้าชมการแข่งขันในสนาม,ด้านภาพลักษณ์: สร้างชื่อเสียงและภาพลักษณ์ที่ดีของประเทศในระดับนานาชาติ,Success
476,ชาย,36 - 45 ปี,ค้าขาย/เจ้าของธุรกิจ,ทราบ,"สื่อสังคมออนไลน์ (เช่น Facebook, Twitter, Instagram, TikTok)",สนใจปานกลาง,ชมการถ่ายทอดสดผ่านโทรทัศน์หรือช่องทางออนไลน์,ด้านการท่องเที่ยว: ดึงดูดนักท่องเที่ยวต่างชาติให้เดินทางมาไทยมากขึ้น,Success
477,ชาย,18 - 25 ปี,นักเรียน/นักศึกษา,ไม่ทราบ,เว็บไซต์ข่าว/แอปพลิเคชันข่าว,สนใจมาก,เข้าร่วมกิจกรรมประชาสัมพันธ์หรือกิจกรรมเสริมต่างๆ,ด้านสังคม: ส่งเสริมการกีฬาและสร้างแรงบันดาลใจให้กับคนในประเทศ,Success
478,หญิง,36 - 45 ปี,ค้าขาย/เจ้าของธุรกิจ,ไม่ทราบ,ป้ายโฆษณา/สื่อประชาสัมพันธ์ภายนอก,สนใจปานกลาง,เข้าชมการแข่งขันในสนาม,ด้านเศรษฐกิจ: เพิ่มรายได้จากการท่องเที่ยวและการใช้จ่ายที่เกี่ยวข้อง,Success
479,ชาย,36 - 45 ปี,ประกอบอาชีพอิสระ,ทราบ,ป้ายโฆษณา/สื่อประชาสัมพันธ์ภายนอก,สนใจน้อย,เข้าชมการแข่งขันในสนาม,ด้านภาพลักษณ์: สร้างชื่อเสียงและภาพลักษณ์ที่ดีของประเทศในระดับนานาชาติ,Success
480,ชาย,18 - 25 ปี,พนักงานบริษัทเอกชน,ไม่ทราบ,"สื่อสังคมออนไลน์ (เช่น Facebook, Twitter, Instagram, TikTok)",สนใจปานกลาง,เข้าร่วมกิจกรรมประชาสัมพันธ์หรือกิจกรรมเสริมต่างๆ,ด้านเศรษฐกิจ: เพิ่มรายได้จากการท่องเที่ยวและการใช้จ่ายที่เกี่ยวข้อง,Success
481,หญิง,36 - 45 ปี,ข้าราชการ/พนักงานรัฐวิสาหกิจ,ไม่ทราบ,เว็บไซต์ข่าว/แอปพลิเคชันข่าว,สนใจมาก,ชมการถ่ายทอดสดผ่านโทรทัศน์หรือช่องทางออนไลน์,ด้านเศรษฐกิจ: เพิ่มรายได้จากการท่องเที่ยวและการใช้จ่ายที่เกี่ยวข้อง,Success
482,ชาย,36 - 45 ปี,นักเรียน/นักศึกษา,ทราบ,เว็บไซต์ข่าว/แอปพลิเคชันข่าว,สนใจน้อย,เข้าร่วมกิจกรรมประชาสัมพันธ์หรือกิจกรรมเสริมต่างๆ,ด้านการท่องเที่ยว: ดึงดูดนักท่องเที่ยวต่างชาติให้เดินทางมาไทยมากขึ้น,Success
483,ชาย,26 - 35 ปี,ข้าราชการ/พนักงานรัฐวิสาหกิจ,ไม่ทราบ,"สื่อสังคมออนไลน์ (เช่น Facebook, Twitter, Instagram, TikTok)",สนใจมาก,เข้าชมการแข่งขันในสนาม,ด้านสังคม: ส่งเสริมการกีฬาและสร้างแรงบันดาลใจให้กับคนในประเทศ,Success
484,หญิง,18 - 25 ปี,ข้าราชการ/พนักงานรัฐวิสาหกิจ,ทราบ,ป้ายโฆษณา/สื่อประชาสัมพันธ์ภายนอก,สนใจปานกลาง,เข้าร่วมกิจกรรมประชาสัมพันธ์หรือกิจกรรมเสริมต่างๆ,ด้านภาพลักษณ์: สร้างชื่อเสียงและภาพลักษณ์ที่ดีของประเทศในระดับนานาชาติ,Success
485,หญิง,36 - 45 ปี,ข้าราชการ/พนักงานรัฐวิสาหกิจ,ไม่ทราบ,เว็บไซต์ข่าว/แอปพลิเคชันข่าว,สนใจปานกลาง,ชมการถ่ายทอดสดผ่านโทรทัศน์หรือช่องทางออนไลน์,ด้านเศรษฐกิจ: เพิ่มรายได้จากการท่องเที่ยวและการใช้จ่ายที่เกี่ยวข้อง,Success
486,หญิง,36 - 45 ปี,นักเรียน/นักศึกษา,ทราบ,"สื่อสังคมออนไลน์ (เช่น Facebook, Twitter, Instagram, TikTok)",สนใจมากที่สุด,ซื้อสินค้าหรือของที่ระลึกที่เกี่ยวข้อง,ด้านภาพลักษณ์: สร้างชื่อเสียงและภาพลักษณ์ที่ดีของประเทศในระดับนานาชาติ,Success
487,ชาย,26 - 35 ปี,นักเรียน/นักศึกษา,ทราบ,"สื่อสังคมออนไลน์ (เช่น Facebook, Twitter, Instagram, TikTok)",ไม่สนใจเลย,เข้าชมการแข่งขันในสนาม,ด้านภาพลักษณ์: สร้างชื่อเสียงและภาพลักษณ์ที่ดีของประเทศในระดับนานาชาติ,Success
488,หญิง,26 - 35 ปี,ค้าขาย/เจ้าของธุรกิจ,ไม่ทราบ,"สื่อสังคมออนไลน์ (เช่น Facebook, Twitter, Instagram, TikTok)",สนใจมาก,ชมการถ่ายทอดสดผ่านโทรทัศน์หรือช่องทางออนไลน์,ด้านสังคม: ส่งเสริมการกีฬาและสร้างแรงบันดาลใจให้กับคนในประเทศ,Success
489,ชาย,18 - 25 ปี,ประกอบอาชีพอิสระ,ทราบ,ป้ายโฆษณา/สื่อประชาสัมพันธ์ภายนอก,สนใจมาก,เข้าร่วมกิจกรรมประชาสัมพันธ์หรือกิจกรรมเสริมต่างๆ,ด้านสังคม: ส่งเสริมการกีฬาและสร้างแรงบันดาลใจให้กับคนในประเทศ,Success
490,ชาย,26 - 35 ปี,ค้าขาย/เจ้าของธุรกิจ,ทราบ,เว็บไซต์ข่าว/แอปพลิเคชันข่าว,สนใจมากที่สุด,ชมการถ่ายทอดสดผ่านโทรทัศน์หรือช่องทางออนไลน์,ด้านภาพลักษณ์: สร้างชื่อเสียงและภาพลักษณ์ที่ดีของประเทศในระดับนานาชาติ,Success
491,ชาย,36 - 45 ปี,ประกอบอาชีพอิสระ,ไม่ทราบ,"สื่อสังคมออนไลน์ (เช่น Facebook, Twitter, Instagram, TikTok)",สนใจมาก,เข้าร่วมกิจกรรมประชาสัมพันธ์หรือกิจกรรมเสริมต่างๆ,ด้านเศรษฐกิจ: เพิ่มรายได้จากการท่องเที่ยวและการใช้จ่ายที่เกี่ยวข้อง,Success
492,ชาย,26 - 35 ปี,ค้าขาย/เจ้าของธุรกิจ,ไม่ทราบ,ป้ายโฆษณา/สื่อประชาสัมพันธ์ภายนอก,สนใจน้อย,เข้าชมการแข่งขันในสนาม,ด้านภาพลักษณ์: สร้างชื่อเสียงและภาพลักษณ์ที่ดีของประเทศในระดับนานาชาติ,Success
493,ชาย,18 - 25 ปี,พนักงานบริษัทเอกชน,ทราบ,ป้ายโฆษณา/สื่อประชาสัมพันธ์ภายนอก,สนใจน้อย,ซื้อสินค้าหรือของที่ระลึกที่เกี่ยวข้อง,ด้านการท่องเที่ยว: ดึงดูดนักท่องเที่ยวต่างชาติให้เดินทางมาไทยมากขึ้น,Success
494,ชาย,18 - 25 ปี,พนักงานบริษัทเอกชน,ไม่ทราบ,เว็บไซต์ข่าว/แอปพลิเคชันข่าว,สนใจมากที่สุด,เข้าร่วมกิจกรรมประชาสัมพันธ์หรือกิจกรรมเสริมต่างๆ,ด้านเศรษฐกิจ: เพิ่มรายได้จากการท่องเที่ยวและการใช้จ่ายที่เกี่ยวข้อง,Success
495,หญิง,18 - 25 ปี,พนักงานบริษัทเอกชน,ไม่ทราบ,ป้ายโฆษณา/สื่อประชาสัมพันธ์ภายนอก,สนใจมาก,ซื้อสินค้าหรือของที่ระลึกที่เกี่ยวข้อง,ด้านการท่องเที่ยว: ดึงดูดนักท่องเที่ยวต่างชาติให้เดินทางมาไทยมากขึ้น,Success
496,ชาย,26 - 35 ปี,ประกอบอาชีพอิสระ,ไม่ทราบ,ป้ายโฆษณา/สื่อประชาสัมพันธ์ภายนอก,สนใจมากที่สุด,ชมการถ่ายทอดสดผ่านโทรทัศน์หรือช่องทางออนไลน์,ด้านการท่องเที่ยว: ดึงดูดนักท่องเที่ยวต่างชาติให้เดินทางมาไทยมากขึ้น,Success
497,หญิง,26 - 35 ปี,นักเรียน/นักศึกษา,ทราบ,ป้ายโฆษณา/สื่อประชาสัมพันธ์ภายนอก,สนใจปานกลาง,เข้าชมการแข่งขันในสนาม,ด้านภาพลักษณ์: สร้างชื่อเสียงและภาพลักษณ์ที่ดีของประเทศในระดับนานาชาติ,Success
498,หญิง,26 - 35 ปี,พนักงานบริษัทเอกชน,ไม่ทราบ,เว็บไซต์ข่าว/แอปพลิเคชันข่าว,สนใจน้อย,ซื้อสินค้าหรือของที่ระลึกที่เกี่ยวข้อง,ด้านสังคม: ส่งเสริมการกีฬาและสร้างแรงบันดาลใจให้กับคนในประเทศ,Success
499,หญิง,36 - 45 ปี,นักเรียน/นักศึกษา,ทราบ,ป้ายโฆษณา/สื่อประชาสัมพันธ์ภายนอก,สนใจปานกลาง,เข้าร่วมกิจกรรมประชาสัมพันธ์หรือกิจกรรมเสริมต่างๆ,ด้านการท่องเที่ยว: ดึงดูดนักท่องเที่ยวต่างชาติให้เดินทางมาไทยมากขึ้น,Success
500,หญิง,36 - 45 ปี,นักเรียน/นักศึกษา,ไม่ทราบ,"สื่อสังคมออนไลน์ (เช่น Facebook, Twitter, Instagram, TikTok)",สนใจมาก,ซื้อสินค้าหรือของที่ระลึกที่เกี่ยวข้อง,ด้านเศรษฐกิจ: เพิ่มรายได้จากการท่องเที่ยวและการใช้จ่ายที่เกี่ยวข้อง,Success
501,หญิง,36 - 45 ปี,ประกอบอาชีพอิสระ,ทราบ,ป้ายโฆษณา/สื่อประชาสัมพันธ์ภายนอก,สนใจน้อย,ชมการถ่ายทอดสดผ่านโทรทัศน์หรือช่องทางออนไลน์,ด้านภาพลักษณ์: สร้างชื่อเสียงและภาพลักษณ์ที่ดีของประเทศในระดับนานาชาติ,Success
502,ชาย,18 - 25 ปี,นักเรียน/นักศึกษา,ไม่ทราบ,ป้ายโฆษณา/สื่อประชาสัมพันธ์ภายนอก,สนใจน้อย,เข้าชมการแข่งขันในสนาม,ด้านการท่องเที่ยว: ดึงดูดนักท่องเที่ยวต่างชาติให้เดินทางมาไทยมากขึ้น,Success
503,ชาย,18 - 25 ปี,นักเรียน/นักศึกษา,ทราบ,ป้ายโฆษณา/สื่อประชาสัมพันธ์ภายนอก,สนใจมากที่สุด,ซื้อสินค้าหรือของที่ระลึกที่เกี่ยวข้อง,ด้านสังคม: ส่งเสริมการกีฬาและสร้างแรงบันดาลใจให้กับคนในประเทศ,Success
504,ชาย,36 - 45 ปี,พนักงานบริษัทเอกชน,ไม่ทราบ,เว็บไซต์ข่าว/แอปพลิเคชันข่าว,สนใจน้อย,ซื้อสินค้าหรือของที่ระลึกที่เกี่ยวข้อง,ด้านเศรษฐกิจ: เพิ่มรายได้จากการท่องเที่ยวและการใช้จ่ายที่เกี่ยวข้อง,Success
505,ชาย,36 - 45 ปี,ประกอบอาชีพอิสระ,ไม่ทราบ,เว็บไซต์ข่าว/แอปพลิเคชันข่าว,สนใจมากที่สุด,เข้าร่วมกิจกรรมประชาสัมพันธ์หรือกิจกรรมเสริมต่างๆ,ด้านภาพลักษณ์: สร้างชื่อเสียงและภาพลักษณ์ที่ดีของประเทศในระดับนานาชาติ,Success
506,ชาย,18 - 25 ปี,ค้าขาย/เจ้าของธุรกิจ,ไม่ทราบ,ป้ายโฆษณา/สื่อประชาสัมพันธ์ภายนอก,สนใจมาก,เข้าร่วมกิจกรรมประชาสัมพันธ์หรือกิจกรรมเสริมต่างๆ,ด้านการท่องเที่ยว: ดึงดูดนักท่องเที่ยวต่างชาติให้เดินทางมาไทยมากขึ้น,Success
507,ชาย,26 - 35 ปี,ค้าขาย/เจ้าของธุรกิจ,ไม่ทราบ,ป้ายโฆษณา/สื่อประชาสัมพันธ์ภายนอก,ไม่สนใจเลย,ชมการถ่ายทอดสดผ่านโทรทัศน์หรือช่องทางออนไลน์,ด้านการท่องเที่ยว: ดึงดูดนักท่องเที่ยวต่างชาติให้เดินทางมาไทยมากขึ้น,Success
508,ชาย,26 - 35 ปี,พนักงานบริษัทเอกชน,ไม่ทราบ,ป้ายโฆษณา/สื่อประชาสัมพันธ์ภายนอก,สนใจมาก,เข้าชมการแข่งขันในสนาม,ด้านเศรษฐกิจ: เพิ่มรายได้จากการท่องเที่ยวและการใช้จ่ายที่เกี่ยวข้อง,Success
509,ชาย,26 - 35 ปี,ค้าขาย/เจ้าของธุรกิจ,ไม่ทราบ,"สื่อสังคมออนไลน์ (เช่น Facebook, Twitter, Instagram, TikTok)",สนใจปานกลาง,เข้าชมการแข่งขันในสนาม,ด้านการท่องเที่ยว: ดึงดูดนักท่องเที่ยวต่างชาติให้เดินทางมาไทยมากขึ้น,Success
510,หญิง,18 - 25 ปี,ค้าขาย/เจ้าของธุรกิจ,ไม่ทราบ,เว็บไซต์ข่าว/แอปพลิเคชันข่าว,ไม่สนใจเลย,ซื้อสินค้าหรือของที่ระลึกที่เกี่ยวข้อง,ด้านสังคม: ส่งเสริมการกีฬาและสร้างแรงบันดาลใจให้กับคนในประเทศ,Success
511,หญิง,18 - 25 ปี,ค้าขาย/เจ้าของธุรกิจ,ไม่ทราบ,เว็บไซต์ข่าว/แอปพลิเคชันข่าว,สนใจมาก,เข้าร่วมกิจกรรมประชาสัมพันธ์หรือกิจกรรมเสริมต่างๆ,ด้านภาพลักษณ์: สร้างชื่อเสียงและภาพลักษณ์ที่ดีของประเทศในระดับนานาชาติ,Success
512,ชาย,36 - 45 ปี,ข้าราชการ/พนักงานรัฐวิสาหกิจ,ไม่ทราบ,"สื่อสังคมออนไลน์ (เช่น Facebook, Twitter, Instagram, TikTok)",สนใจน้อย,เข้าร่วมกิจกรรมประชาสัมพันธ์หรือกิจกรรมเสริมต่างๆ,ด้านสังคม: ส่งเสริมการกีฬาและสร้างแรงบันดาลใจให้กับคนในประเทศ,Success
513,ชาย,36 - 45 ปี,ประกอบอาชีพอิสระ,ทราบ,"สื่อสังคมออนไลน์ (เช่น Facebook, Twitter, Instagram, TikTok)",ไม่สนใจเลย,ชมการถ่ายทอดสดผ่านโทรทัศน์หรือช่องทางออนไลน์,ด้านการท่องเที่ยว: ดึงดูดนักท่องเที่ยวต่างชาติให้เดินทางมาไทยมากขึ้น,Success
514,หญิง,26 - 35 ปี,ข้าราชการ/พนักงานรัฐวิสาหกิจ,ไม่ทราบ,เว็บไซต์ข่าว/แอปพลิเคชันข่าว,สนใจปานกลาง,ซื้อสินค้าหรือของที่ระลึกที่เกี่ยวข้อง,ด้านการท่องเที่ยว: ดึงดูดนักท่องเที่ยวต่างชาติให้เดินทางมาไทยมากขึ้น,Success
515,ชาย,36 - 45 ปี,ค้าขาย/เจ้าของธุรกิจ,ไม่ทราบ,ป้ายโฆษณา/สื่อประชาสัมพันธ์ภายนอก,สนใจมาก,ซื้อสินค้าหรือของที่ระลึกที่เกี่ยวข้อง,ด้านเศรษฐกิจ: เพิ่มรายได้จากการท่องเที่ยวและการใช้จ่ายที่เกี่ยวข้อง,Success
516,หญิง,26 - 35 ปี,ข้าราชการ/พนักงานรัฐวิสาหกิจ,ทราบ,"สื่อสังคมออนไลน์ (เช่น Facebook, Twitter, Instagram, TikTok)",สนใจมาก,เข้าร่วมกิจกรรมประชาสัมพันธ์หรือกิจกรรมเสริมต่างๆ,ด้านเศรษฐกิจ: เพิ่มรายได้จากการท่องเที่ยวและการใช้จ่ายที่เกี่ยวข้อง,Success
517,หญิง,26 - 35 ปี,ค้าขาย/เจ้าของธุรกิจ,ไม่ทราบ,เว็บไซต์ข่าว/แอปพลิเคชันข่าว,สนใจมาก,เข้าชมการแข่งขันในสนาม,ด้านภาพลักษณ์: สร้างชื่อเสียงและภาพลักษณ์ที่ดีของประเทศในระดับนานาชาติ,Success
518,หญิง,36 - 45 ปี,ข้าราชการ/พนักงานรัฐวิสาหกิจ,ไม่ทราบ,"สื่อสังคมออนไลน์ (เช่น Facebook, Twitter, Instagram, TikTok)",สนใจน้อย,เข้าชมการแข่งขันในสนาม,ด้านสังคม: ส่งเสริมการกีฬาและสร้างแรงบันดาลใจให้กับคนในประเทศ,Success
519,ชาย,26 - 35 ปี,นักเรียน/นักศึกษา,ไม่ทราบ,ป้ายโฆษณา/สื่อประชาสัมพันธ์ภายนอก,สนใจมาก,ชมการถ่ายทอดสดผ่านโทรทัศน์หรือช่องทางออนไลน์,ด้านภาพลักษณ์: สร้างชื่อเสียงและภาพลักษณ์ที่ดีของประเทศในระดับนานาชาติ,Success
520,หญิง,36 - 45 ปี,ประกอบอาชีพอิสระ,ไม่ทราบ,"สื่อสังคมออนไลน์ (เช่น Facebook, Twitter, Instagram, TikTok)",สนใจน้อย,ชมการถ่ายทอดสดผ่านโทรทัศน์หรือช่องทางออนไลน์,ด้านภาพลักษณ์: สร้างชื่อเสียงและภาพลักษณ์ที่ดีของประเทศในระดับนานาชาติ,Success
521,หญิง,36 - 45 ปี,ประกอบอาชีพอิสระ,ทราบ,เว็บไซต์ข่าว/แอปพลิเคชันข่าว,สนใจมากที่สุด,เข้าร่วมกิจกรรมประชาสัมพันธ์หรือกิจกรรมเสริมต่างๆ,ด้านเศรษฐกิจ: เพิ่มรายได้จากการท่องเที่ยวและการใช้จ่ายที่เกี่ยวข้อง,Success
522,หญิง,26 - 35 ปี,ประกอบอาชีพอิสระ,ทราบ,เว็บไซต์ข่าว/แอปพลิเคชันข่าว,ไม่สนใจเลย,เข้าชมการแข่งขันในสนาม,ด้านการท่องเที่ยว: ดึงดูดนักท่องเที่ยวต่างชาติให้เดินทางมาไทยมากขึ้น,Success
523,หญิง,18 - 25 ปี,นักเรียน/นักศึกษา,ไม่ทราบ,ป้ายโฆษณา/สื่อประชาสัมพันธ์ภายนอก,สนใจน้อย,เข้าร่วมกิจกรรมประชาสัมพันธ์หรือกิจกรรมเสริมต่างๆ,ด้านเศรษฐกิจ: เพิ่มรายได้จากการท่องเที่ยวและการใช้จ่ายที่เกี่ยวข้อง,Success
524,ชาย,26 - 35 ปี,นักเรียน/นักศึกษา,ไม่ทราบ,"สื่อสังคมออนไลน์ (เช่น Facebook, Twitter, Instagram, TikTok)",สนใจน้อย,ชมการถ่ายทอดสดผ่านโทรทัศน์หรือช่องทางออนไลน์,ด้านเศรษฐกิจ: เพิ่มรายได้จากการท่องเที่ยวและการใช้จ่ายที่เกี่ยวข้อง,Success
525,ชาย,26 - 35 ปี,ประกอบอาชีพอิสระ,ไม่ทราบ,"สื่อสังคมออนไลน์ (เช่น Facebook, Twitter, Instagram, TikTok)",สนใจมาก,เข้าชมการแข่งขันในสนาม,ด้านการท่องเที่ยว: ดึงดูดนักท่องเที่ยวต่างชาติให้เดินทางมาไทยมากขึ้น,Success
526,หญิง,18 - 25 ปี,พนักงานบริษัทเอกชน,ไม่ทราบ,เว็บไซต์ข่าว/แอปพลิเคชันข่าว,สนใจปานกลาง,เข้าชมการแข่งขันในสนาม,ด้านภาพลักษณ์: สร้างชื่อเสียงและภาพลักษณ์ที่ดีของประเทศในระดับนานาชาติ,Success
527,หญิง,18 - 25 ปี,ค้าขาย/เจ้าของธุรกิจ,ไม่ทราบ,ป้ายโฆษณา/สื่อประชาสัมพันธ์ภายนอก,สนใจมาก,ซื้อสินค้าหรือของที่ระลึกที่เกี่ยวข้อง,ด้านเศรษฐกิจ: เพิ่มรายได้จากการท่องเที่ยวและการใช้จ่ายที่เกี่ยวข้อง,Success
528,ชาย,18 - 25 ปี,ประกอบอาชีพอิสระ,ทราบ,ป้ายโฆษณา/สื่อประชาสัมพันธ์ภายนอก,สนใจมาก,เข้าร่วมกิจกรรมประชาสัมพันธ์หรือกิจกรรมเสริมต่างๆ,ด้านการท่องเที่ยว: ดึงดูดนักท่องเที่ยวต่างชาติให้เดินทางมาไทยมากขึ้น,Success
529,หญิง,18 - 25 ปี,ค้าขาย/เจ้าของธุรกิจ,ไม่ทราบ,เว็บไซต์ข่าว/แอปพลิเคชันข่าว,สนใจมาก,เข้าชมการแข่งขันในสนาม,ด้านเศรษฐกิจ: เพิ่มรายได้จากการท่องเที่ยวและการใช้จ่ายที่เกี่ยวข้อง,Success
530,ชาย,18 - 25 ปี,ประกอบอาชีพอิสระ,ทราบ,"สื่อสังคมออนไลน์ (เช่น Facebook, Twitter, Instagram, TikTok)",สนใจมากที่สุด,ชมการถ่ายทอดสดผ่านโทรทัศน์หรือช่องทางออนไลน์,ด้านเศรษฐกิจ: เพิ่มรายได้จากการท่องเที่ยวและการใช้จ่ายที่เกี่ยวข้อง,Success
531,หญิง,26 - 35 ปี,ประกอบอาชีพอิสระ,ทราบ,"สื่อสังคมออนไลน์ (เช่น Facebook, Twitter, Instagram, TikTok)",สนใจน้อย,เข้าร่วมกิจกรรมประชาสัมพันธ์หรือกิจกรรมเสริมต่างๆ,ด้านสังคม: ส่งเสริมการกีฬาและสร้างแรงบันดาลใจให้กับคนในประเทศ,Success
532,หญิง,18 - 25 ปี,ข้าราชการ/พนักงานรัฐวิสาหกิจ,ทราบ,"สื่อสังคมออนไลน์ (เช่น Facebook, Twitter, Instagram, TikTok)",สนใจมากที่สุด,เข้าชมการแข่งขันในสนาม,ด้านสังคม: ส่งเสริมการกีฬาและสร้างแรงบันดาลใจให้กับคนในประเทศ,Success
533,หญิง,36 - 45 ปี,ค้าขาย/เจ้าของธุรกิจ,ไม่ทราบ,เว็บไซต์ข่าว/แอปพลิเคชันข่าว,สนใจมาก,ซื้อสินค้าหรือของที่ระลึกที่เกี่ยวข้อง,ด้านการท่องเที่ยว: ดึงดูดนักท่องเที่ยวต่างชาติให้เดินทางมาไทยมากขึ้น,Success
534,หญิง,18 - 25 ปี,พนักงานบริษัทเอกชน,ไม่ทราบ,"สื่อสังคมออนไลน์ (เช่น Facebook, Twitter, Instagram, TikTok)",ไม่สนใจเลย,ซื้อสินค้าหรือของที่ระลึกที่เกี่ยวข้อง,ด้านภาพลักษณ์: สร้างชื่อเสียงและภาพลักษณ์ที่ดีของประเทศในระดับนานาชาติ,Success
535,หญิง,18 - 25 ปี,ประกอบอาชีพอิสระ,ไม่ทราบ,"สื่อสังคมออนไลน์ (เช่น Facebook, Twitter, Instagram, TikTok)",ไม่สนใจเลย,เข้าชมการแข่งขันในสนาม,ด้านการท่องเที่ยว: ดึงดูดนักท่องเที่ยวต่างชาติให้เดินทางมาไทยมากขึ้น,Success
536,ชาย,36 - 45 ปี,นักเรียน/นักศึกษา,ไม่ทราบ,เว็บไซต์ข่าว/แอปพลิเคชันข่าว,สนใจปานกลาง,เข้าร่วมกิจกรรมประชาสัมพันธ์หรือกิจกรรมเสริมต่างๆ,ด้านสังคม: ส่งเสริมการกีฬาและสร้างแรงบันดาลใจให้กับคนในประเทศ,Success
537,ชาย,26 - 35 ปี,ข้าราชการ/พนักงานรัฐวิสาหกิจ,ไม่ทราบ,"สื่อสังคมออนไลน์ (เช่น Facebook, Twitter, Instagram, TikTok)",สนใจมาก,ซื้อสินค้าหรือของที่ระลึกที่เกี่ยวข้อง,ด้านการท่องเที่ยว: ดึงดูดนักท่องเที่ยวต่างชาติให้เดินทางมาไทยมากขึ้น,Success
538,หญิง,18 - 25 ปี,นักเรียน/นักศึกษา,ไม่ทราบ,"สื่อสังคมออนไลน์ (เช่น Facebook, Twitter, Instagram, TikTok)",สนใจน้อย,ซื้อสินค้าหรือของที่ระลึกที่เกี่ยวข้อง,ด้านสังคม: ส่งเสริมการกีฬาและสร้างแรงบันดาลใจให้กับคนในประเทศ,Success
539,หญิง,18 - 25 ปี,ข้าราชการ/พนักงานรัฐวิสาหกิจ,ไม่ทราบ,ป้ายโฆษณา/สื่อประชาสัมพันธ์ภายนอก,สนใจน้อย,ชมการถ่ายทอดสดผ่านโทรทัศน์หรือช่องทางออนไลน์,ด้านการท่องเที่ยว: ดึงดูดนักท่องเที่ยวต่างชาติให้เดินทางมาไทยมากขึ้น,Success
540,ชาย,36 - 45 ปี,พนักงานบริษัทเอกชน,ทราบ,ป้ายโฆษณา/สื่อประชาสัมพันธ์ภายนอก,สนใจมาก,เข้าร่วมกิจกรรมประชาสัมพันธ์หรือกิจกรรมเสริมต่างๆ,ด้านสังคม: ส่งเสริมการกีฬาและสร้างแรงบันดาลใจให้กับคนในประเทศ,Success
541,ชาย,18 - 25 ปี,พนักงานบริษัทเอกชน,ทราบ,"สื่อสังคมออนไลน์ (เช่น Facebook, Twitter, Instagram, TikTok)",สนใจน้อย,ชมการถ่ายทอดสดผ่านโทรทัศน์หรือช่องทางออนไลน์,ด้านเศรษฐกิจ: เพิ่มรายได้จากการท่องเที่ยวและการใช้จ่ายที่เกี่ยวข้อง,Success
542,ชาย,18 - 25 ปี,พนักงานบริษัทเอกชน,ไม่ทราบ,"สื่อสังคมออนไลน์ (เช่น Facebook, Twitter, Instagram, TikTok)",สนใจมากที่สุด,ชมการถ่ายทอดสดผ่านโทรทัศน์หรือช่องทางออนไลน์,ด้านภาพลักษณ์: สร้างชื่อเสียงและภาพลักษณ์ที่ดีของประเทศในระดับนานาชาติ,Success
543,ชาย,36 - 45 ปี,พนักงานบริษัทเอกชน,ไม่ทราบ,ป้ายโฆษณา/สื่อประชาสัมพันธ์ภายนอก,สนใจน้อย,เข้าชมการแข่งขันในสนาม,ด้านสังคม: ส่งเสริมการกีฬาและสร้างแรงบันดาลใจให้กับคนในประเทศ,Success
544,ชาย,18 - 25 ปี,พนักงานบริษัทเอกชน,ไม่ทราบ,เว็บไซต์ข่าว/แอปพลิเคชันข่าว,ไม่สนใจเลย,เข้าร่วมกิจกรรมประชาสัมพันธ์หรือกิจกรรมเสริมต่างๆ,ด้านสังคม: ส่งเสริมการกีฬาและสร้างแรงบันดาลใจให้กับคนในประเทศ,Success
545,หญิง,36 - 45 ปี,พนักงานบริษัทเอกชน,ไม่ทราบ,"สื่อสังคมออนไลน์ (เช่น Facebook, Twitter, Instagram, TikTok)",สนใจมาก,ซื้อสินค้าหรือของที่ระลึกที่เกี่ยวข้อง,ด้านสังคม: ส่งเสริมการกีฬาและสร้างแรงบันดาลใจให้กับคนในประเทศ,Success
546,ชาย,26 - 35 ปี,ค้าขาย/เจ้าของธุรกิจ,ไม่ทราบ,"สื่อสังคมออนไลน์ (เช่น Facebook, Twitter, Instagram, TikTok)",ไม่สนใจเลย,ซื้อสินค้าหรือของที่ระลึกที่เกี่ยวข้อง,ด้านการท่องเที่ยว: ดึงดูดนักท่องเที่ยวต่างชาติให้เดินทางมาไทยมากขึ้น,Success
547,ชาย,36 - 45 ปี,ค้าขาย/เจ้าของธุรกิจ,ไม่ทราบ,"สื่อสังคมออนไลน์ (เช่น Facebook, Twitter, Instagram, TikTok)",สนใจมากที่สุด,เข้าร่วมกิจกรรมประชาสัมพันธ์หรือกิจกรรมเสริมต่างๆ,ด้านภาพลักษณ์: สร้างชื่อเสียงและภาพลักษณ์ที่ดีของประเทศในระดับนานาชาติ,Success
548,หญิง,18 - 25 ปี,นักเรียน/นักศึกษา,ไม่ทราบ,เว็บไซต์ข่าว/แอปพลิเคชันข่าว,ไม่สนใจเลย,ซื้อสินค้าหรือของที่ระลึกที่เกี่ยวข้อง,ด้านเศรษฐกิจ: เพิ่มรายได้จากการท่องเที่ยวและการใช้จ่ายที่เกี่ยวข้อง,Success
549,ชาย,26 - 35 ปี,ประกอบอาชีพอิสระ,ไม่ทราบ,"สื่อสังคมออนไลน์ (เช่น Facebook, Twitter, Instagram, TikTok)",ไม่สนใจเลย,เข้าร่วมกิจกรรมประชาสัมพันธ์หรือกิจกรรมเสริมต่างๆ,ด้านการท่องเที่ยว: ดึงดูดนักท่องเที่ยวต่างชาติให้เดินทางมาไทยมากขึ้น,Success
550,หญิง,36 - 45 ปี,ประกอบอาชีพอิสระ,ทราบ,"สื่อสังคมออนไลน์ (เช่น Facebook, Twitter, Instagram, TikTok)",สนใจมากที่สุด,ซื้อสินค้าหรือของที่ระลึกที่เกี่ยวข้อง,ด้านการท่องเที่ยว: ดึงดูดนักท่องเที่ยวต่างชาติให้เดินทางมาไทยมากขึ้น,Success
551,ชาย,18 - 25 ปี,พนักงานบริษัทเอกชน,ไม่ทราบ,ป้ายโฆษณา/สื่อประชาสัมพันธ์ภายนอก,ไม่สนใจเลย,ชมการถ่ายทอดสดผ่านโทรทัศน์หรือช่องทางออนไลน์,ด้านเศรษฐกิจ: เพิ่มรายได้จากการท่องเที่ยวและการใช้จ่ายที่เกี่ยวข้อง,Success
552,หญิง,26 - 35 ปี,พนักงานบริษัทเอกชน,ทราบ,ป้ายโฆษณา/สื่อประชาสัมพันธ์ภายนอก,สนใจน้อย,ซื้อสินค้าหรือของที่ระลึกที่เกี่ยวข้อง,ด้านเศรษฐกิจ: เพิ่มรายได้จากการท่องเที่ยวและการใช้จ่ายที่เกี่ยวข้อง,Success
553,หญิง,36 - 45 ปี,นักเรียน/นักศึกษา,ทราบ,เว็บไซต์ข่าว/แอปพลิเคชันข่าว,สนใจน้อย,เข้าร่วมกิจกรรมประชาสัมพันธ์หรือกิจกรรมเสริมต่างๆ,ด้านสังคม: ส่งเสริมการกีฬาและสร้างแรงบันดาลใจให้กับคนในประเทศ,Success
554,ชาย,26 - 35 ปี,ข้าราชการ/พนักงานรัฐวิสาหกิจ,ไม่ทราบ,"สื่อสังคมออนไลน์ (เช่น Facebook, Twitter, Instagram, TikTok)",ไม่สนใจเลย,เข้าชมการแข่งขันในสนาม,ด้านสังคม: ส่งเสริมการกีฬาและสร้างแรงบันดาลใจให้กับคนในประเทศ,Success
555,ชาย,36 - 45 ปี,นักเรียน/นักศึกษา,ทราบ,"สื่อสังคมออนไลน์ (เช่น Facebook, Twitter, Instagram, TikTok)",สนใจปานกลาง,เข้าชมการแข่งขันในสนาม,ด้านสังคม: ส่งเสริมการกีฬาและสร้างแรงบันดาลใจให้กับคนในประเทศ,Success
556,ชาย,36 - 45 ปี,ค้าขาย/เจ้าของธุรกิจ,ทราบ,เว็บไซต์ข่าว/แอปพลิเคชันข่าว,สนใจมาก,ชมการถ่ายทอดสดผ่านโทรทัศน์หรือช่องทางออนไลน์,ด้านภาพลักษณ์: สร้างชื่อเสียงและภาพลักษณ์ที่ดีของประเทศในระดับนานาชาติ,Success
557,ชาย,26 - 35 ปี,พนักงานบริษัทเอกชน,ไม่ทราบ,"สื่อสังคมออนไลน์ (เช่น Facebook, Twitter, Instagram, TikTok)",สนใจน้อย,เข้าร่วมกิจกรรมประชาสัมพันธ์หรือกิจกรรมเสริมต่างๆ,ด้านเศรษฐกิจ: เพิ่มรายได้จากการท่องเที่ยวและการใช้จ่ายที่เกี่ยวข้อง,Success
558,หญิง,18 - 25 ปี,นักเรียน/นักศึกษา,ทราบ,"สื่อสังคมออนไลน์ (เช่น Facebook, Twitter, Instagram, TikTok)",ไม่สนใจเลย,เข้าร่วมกิจกรรมประชาสัมพันธ์หรือกิจกรรมเสริมต่างๆ,ด้านเศรษฐกิจ: เพิ่มรายได้จากการท่องเที่ยวและการใช้จ่ายที่เกี่ยวข้อง,Success
559,หญิง,18 - 25 ปี,นักเรียน/นักศึกษา,ไม่ทราบ,เว็บไซต์ข่าว/แอปพลิเคชันข่าว,สนใจมากที่สุด,เข้าชมการแข่งขันในสนาม,ด้านเศรษฐกิจ: เพิ่มรายได้จากการท่องเที่ยวและการใช้จ่ายที่เกี่ยวข้อง,Success
560,หญิง,36 - 45 ปี,พนักงานบริษัทเอกชน,ทราบ,ป้ายโฆษณา/สื่อประชาสัมพันธ์ภายนอก,ไม่สนใจเลย,เข้าชมการแข่งขันในสนาม,ด้านภาพลักษณ์: สร้างชื่อเสียงและภาพลักษณ์ที่ดีของประเทศในระดับนานาชาติ,Success
561,ชาย,36 - 45 ปี,ประกอบอาชีพอิสระ,ไม่ทราบ,"สื่อสังคมออนไลน์ (เช่น Facebook, Twitter, Instagram, TikTok)",สนใจปานกลาง,เข้าชมการแข่งขันในสนาม,ด้านสังคม: ส่งเสริมการกีฬาและสร้างแรงบันดาลใจให้กับคนในประเทศ,Success
562,ชาย,36 - 45 ปี,นักเรียน/นักศึกษา,ไม่ทราบ,"สื่อสังคมออนไลน์ (เช่น Facebook, Twitter, Instagram, TikTok)",สนใจน้อย,เข้าร่วมกิจกรรมประชาสัมพันธ์หรือกิจกรรมเสริมต่างๆ,ด้านภาพลักษณ์: สร้างชื่อเสียงและภาพลักษณ์ที่ดีของประเทศในระดับนานาชาติ,Success
563,ชาย,18 - 25 ปี,ประกอบอาชีพอิสระ,ทราบ,ป้ายโฆษณา/สื่อประชาสัมพันธ์ภายนอก,ไม่สนใจเลย,ซื้อสินค้าหรือของที่ระลึกที่เกี่ยวข้อง,ด้านสังคม: ส่งเสริมการกีฬาและสร้างแรงบันดาลใจให้กับคนในประเทศ,Success
564,ชาย,26 - 35 ปี,ประกอบอาชีพอิสระ,ไม่ทราบ,ป้ายโฆษณา/สื่อประชาสัมพันธ์ภายนอก,สนใจน้อย,เข้าร่วมกิจกรรมประชาสัมพันธ์หรือกิจกรรมเสริมต่างๆ,ด้านเศรษฐกิจ: เพิ่มรายได้จากการท่องเที่ยวและการใช้จ่ายที่เกี่ยวข้อง,Success
565,ชาย,36 - 45 ปี,ประกอบอาชีพอิสระ,ทราบ,"สื่อสังคมออนไลน์ (เช่น Facebook, Twitter, Instagram, TikTok)",สนใจน้อย,ชมการถ่ายทอดสดผ่านโทรทัศน์หรือช่องทางออนไลน์,ด้านเศรษฐกิจ: เพิ่มรายได้จากการท่องเที่ยวและการใช้จ่ายที่เกี่ยวข้อง,Success
566,หญิง,18 - 25 ปี,พนักงานบริษัทเอกชน,ไม่ทราบ,เว็บไซต์ข่าว/แอปพลิเคชันข่าว,สนใจน้อย,เข้าร่วมกิจกรรมประชาสัมพันธ์หรือกิจกรรมเสริมต่างๆ,ด้านภาพลักษณ์: สร้างชื่อเสียงและภาพลักษณ์ที่ดีของประเทศในระดับนานาชาติ,Success
567,หญิง,26 - 35 ปี,ประกอบอาชีพอิสระ,ไม่ทราบ,ป้ายโฆษณา/สื่อประชาสัมพันธ์ภายนอก,สนใจปานกลาง,ชมการถ่ายทอดสดผ่านโทรทัศน์หรือช่องทางออนไลน์,ด้านการท่องเที่ยว: ดึงดูดนักท่องเที่ยวต่างชาติให้เดินทางมาไทยมากขึ้น,Success
568,ชาย,18 - 25 ปี,ประกอบอาชีพอิสระ,ไม่ทราบ,ป้ายโฆษณา/สื่อประชาสัมพันธ์ภายนอก,สนใจมากที่สุด,เข้าร่วมกิจกรรมประชาสัมพันธ์หรือกิจกรรมเสริมต่างๆ,ด้านสังคม: ส่งเสริมการกีฬาและสร้างแรงบันดาลใจให้กับคนในประเทศ,Success
569,หญิง,36 - 45 ปี,ค้าขาย/เจ้าของธุรกิจ,ทราบ,"สื่อสังคมออนไลน์ (เช่น Facebook, Twitter, Instagram, TikTok)",สนใจมากที่สุด,เข้าชมการแข่งขันในสนาม,ด้านการท่องเที่ยว: ดึงดูดนักท่องเที่ยวต่างชาติให้เดินทางมาไทยมากขึ้น,Success
570,หญิง,26 - 35 ปี,ประกอบอาชีพอิสระ,ไม่ทราบ,เว็บไซต์ข่าว/แอปพลิเคชันข่าว,สนใจน้อย,ชมการถ่ายทอดสดผ่านโทรทัศน์หรือช่องทางออนไลน์,ด้านเศรษฐกิจ: เพิ่มรายได้จากการท่องเที่ยวและการใช้จ่ายที่เกี่ยวข้อง,Success
571,ชาย,18 - 25 ปี,ค้าขาย/เจ้าของธุรกิจ,ไม่ทราบ,เว็บไซต์ข่าว/แอปพลิเคชันข่าว,สนใจมาก,ซื้อสินค้าหรือของที่ระลึกที่เกี่ยวข้อง,ด้านสังคม: ส่งเสริมการกีฬาและสร้างแรงบันดาลใจให้กับคนในประเทศ,Success
572,หญิง,18 - 25 ปี,นักเรียน/นักศึกษา,ทราบ,"สื่อสังคมออนไลน์ (เช่น Facebook, Twitter, Instagram, TikTok)",ไม่สนใจเลย,เข้าร่วมกิจกรรมประชาสัมพันธ์หรือกิจกรรมเสริมต่างๆ,ด้านการท่องเที่ยว: ดึงดูดนักท่องเที่ยวต่างชาติให้เดินทางมาไทยมากขึ้น,Success
573,หญิง,36 - 45 ปี,ค้าขาย/เจ้าของธุรกิจ,ทราบ,"สื่อสังคมออนไลน์ (เช่น Facebook, Twitter, Instagram, TikTok)",ไม่สนใจเลย,ชมการถ่ายทอดสดผ่านโทรทัศน์หรือช่องทางออนไลน์,ด้านเศรษฐกิจ: เพิ่มรายได้จากการท่องเที่ยวและการใช้จ่ายที่เกี่ยวข้อง,Success
574,ชาย,18 - 25 ปี,ค้าขาย/เจ้าของธุรกิจ,ทราบ,เว็บไซต์ข่าว/แอปพลิเคชันข่าว,สนใจน้อย,ชมการถ่ายทอดสดผ่านโทรทัศน์หรือช่องทางออนไลน์,ด้านภาพลักษณ์: สร้างชื่อเสียงและภาพลักษณ์ที่ดีของประเทศในระดับนานาชาติ,Success
575,หญิง,18 - 25 ปี,ประกอบอาชีพอิสระ,ทราบ,ป้ายโฆษณา/สื่อประชาสัมพันธ์ภายนอก,ไม่สนใจเลย,ซื้อสินค้าหรือของที่ระลึกที่เกี่ยวข้อง,ด้านการท่องเที่ยว: ดึงดูดนักท่องเที่ยวต่างชาติให้เดินทางมาไทยมากขึ้น,Success
576,หญิง,18 - 25 ปี,ข้าราชการ/พนักงานรัฐวิสาหกิจ,ทราบ,เว็บไซต์ข่าว/แอปพลิเคชันข่าว,สนใจมาก,เข้าร่วมกิจกรรมประชาสัมพันธ์หรือกิจกรรมเสริมต่างๆ,ด้านการท่องเที่ยว: ดึงดูดนักท่องเที่ยวต่างชาติให้เดินทางมาไทยมากขึ้น,Success
577,หญิง,36 - 45 ปี,ประกอบอาชีพอิสระ,ทราบ,"สื่อสังคมออนไลน์ (เช่น Facebook, Twitter, Instagram, TikTok)",สนใจมากที่สุด,ชมการถ่ายทอดสดผ่านโทรทัศน์หรือช่องทางออนไลน์,ด้านเศรษฐกิจ: เพิ่มรายได้จากการท่องเที่ยวและการใช้จ่ายที่เกี่ยวข้อง,Success
578,ชาย,26 - 35 ปี,ข้าราชการ/พนักงานรัฐวิสาหกิจ,ไม่ทราบ,ป้ายโฆษณา/สื่อประชาสัมพันธ์ภายนอก,ไม่สนใจเลย,ชมการถ่ายทอดสดผ่านโทรทัศน์หรือช่องทางออนไลน์,ด้านการท่องเที่ยว: ดึงดูดนักท่องเที่ยวต่างชาติให้เดินทางมาไทยมากขึ้น,Success
579,หญิง,26 - 35 ปี,ประกอบอาชีพอิสระ,ไม่ทราบ,ป้ายโฆษณา/สื่อประชาสัมพันธ์ภายนอก,สนใจปานกลาง,ซื้อสินค้าหรือของที่ระลึกที่เกี่ยวข้อง,ด้านสังคม: ส่งเสริมการกีฬาและสร้างแรงบันดาลใจให้กับคนในประเทศ,Success
580,ชาย,36 - 45 ปี,นักเรียน/นักศึกษา,ไม่ทราบ,ป้ายโฆษณา/สื่อประชาสัมพันธ์ภายนอก,สนใจน้อย,ชมการถ่ายทอดสดผ่านโทรทัศน์หรือช่องทางออนไลน์,ด้านสังคม: ส่งเสริมการกีฬาและสร้างแรงบันดาลใจให้กับคนในประเทศ,Success
581,ชาย,18 - 25 ปี,พนักงานบริษัทเอกชน,ไม่ทราบ,"สื่อสังคมออนไลน์ (เช่น Facebook, Twitter, Instagram, TikTok)",สนใจมาก,ชมการถ่ายทอดสดผ่านโทรทัศน์หรือช่องทางออนไลน์,ด้านสังคม: ส่งเสริมการกีฬาและสร้างแรงบันดาลใจให้กับคนในประเทศ,Success
582,หญิง,18 - 25 ปี,พนักงานบริษัทเอกชน,ไม่ทราบ,"สื่อสังคมออนไลน์ (เช่น Facebook, Twitter, Instagram, TikTok)",ไม่สนใจเลย,ซื้อสินค้าหรือของที่ระลึกที่เกี่ยวข้อง,ด้านเศรษฐกิจ: เพิ่มรายได้จากการท่องเที่ยวและการใช้จ่ายที่เกี่ยวข้อง,Success
583,หญิง,36 - 45 ปี,ประกอบอาชีพอิสระ,ไม่ทราบ,ป้ายโฆษณา/สื่อประชาสัมพันธ์ภายนอก,สนใจมากที่สุด,ซื้อสินค้าหรือของที่ระลึกที่เกี่ยวข้อง,ด้านการท่องเที่ยว: ดึงดูดนักท่องเที่ยวต่างชาติให้เดินทางมาไทยมากขึ้น,Success
584,หญิง,26 - 35 ปี,พนักงานบริษัทเอกชน,ไม่ทราบ,"สื่อสังคมออนไลน์ (เช่น Facebook, Twitter, Instagram, TikTok)",สนใจน้อย,เข้าร่วมกิจกรรมประชาสัมพันธ์หรือกิจกรรมเสริมต่างๆ,ด้านเศรษฐกิจ: เพิ่มรายได้จากการท่องเที่ยวและการใช้จ่ายที่เกี่ยวข้อง,Success
585,หญิง,36 - 45 ปี,ประกอบอาชีพอิสระ,ทราบ,"สื่อสังคมออนไลน์ (เช่น Facebook, Twitter, Instagram, TikTok)",สนใจมาก,ซื้อสินค้าหรือของที่ระลึกที่เกี่ยวข้อง,ด้านการท่องเที่ยว: ดึงดูดนักท่องเที่ยวต่างชาติให้เดินทางมาไทยมากขึ้น,Success
586,หญิง,26 - 35 ปี,ข้าราชการ/พนักงานรัฐวิสาหกิจ,ไม่ทราบ,ป้ายโฆษณา/สื่อประชาสัมพันธ์ภายนอก,สนใจมากที่สุด,เข้าชมการแข่งขันในสนาม,ด้านการท่องเที่ยว: ดึงดูดนักท่องเที่ยวต่างชาติให้เดินทางมาไทยมากขึ้น,Success
587,ชาย,26 - 35 ปี,ประกอบอาชีพอิสระ,ไม่ทราบ,ป้ายโฆษณา/สื่อประชาสัมพันธ์ภายนอก,สนใจปานกลาง,เข้าชมการแข่งขันในสนาม,ด้านภาพลักษณ์: สร้างชื่อเสียงและภาพลักษณ์ที่ดีของประเทศในระดับนานาชาติ,Success
588,หญิง,36 - 45 ปี,ค้าขาย/เจ้าของธุรกิจ,ไม่ทราบ,"สื่อสังคมออนไลน์ (เช่น Facebook, Twitter, Instagram, TikTok)",สนใจปานกลาง,ชมการถ่ายทอดสดผ่านโทรทัศน์หรือช่องทางออนไลน์,ด้านการท่องเที่ยว: ดึงดูดนักท่องเที่ยวต่างชาติให้เดินทางมาไทยมากขึ้น,Success
589,ชาย,36 - 45 ปี,พนักงานบริษัทเอกชน,ไม่ทราบ,"สื่อสังคมออนไลน์ (เช่น Facebook, Twitter, Instagram, TikTok)",ไม่สนใจเลย,เข้าร่วมกิจกรรมประชาสัมพันธ์หรือกิจกรรมเสริมต่างๆ,ด้านสังคม: ส่งเสริมการกีฬาและสร้างแรงบันดาลใจให้กับคนในประเทศ,Success
590,ชาย,26 - 35 ปี,นักเรียน/นักศึกษา,ไม่ทราบ,ป้ายโฆษณา/สื่อประชาสัมพันธ์ภายนอก,สนใจน้อย,ซื้อสินค้าหรือของที่ระลึกที่เกี่ยวข้อง,ด้านภาพลักษณ์: สร้างชื่อเสียงและภาพลักษณ์ที่ดีของประเทศในระดับนานาชาติ,Success
591,ชาย,36 - 45 ปี,ประกอบอาชีพอิสระ,ไม่ทราบ,"สื่อสังคมออนไลน์ (เช่น Facebook, Twitter, Instagram, TikTok)",สนใจมากที่สุด,ชมการถ่ายทอดสดผ่านโทรทัศน์หรือช่องทางออนไลน์,ด้านสังคม: ส่งเสริมการกีฬาและสร้างแรงบันดาลใจให้กับคนในประเทศ,Success
592,หญิง,26 - 35 ปี,ประกอบอาชีพอิสระ,ทราบ,ป้ายโฆษณา/สื่อประชาสัมพันธ์ภายนอก,สนใจน้อย,เข้าชมการแข่งขันในสนาม,ด้านภาพลักษณ์: สร้างชื่อเสียงและภาพลักษณ์ที่ดีของประเทศในระดับนานาชาติ,Success
593,ชาย,18 - 25 ปี,ข้าราชการ/พนักงานรัฐวิสาหกิจ,ทราบ,เว็บไซต์ข่าว/แอปพลิเคชันข่าว,สนใจปานกลาง,ชมการถ่ายทอดสดผ่านโทรทัศน์หรือช่องทางออนไลน์,ด้านการท่องเที่ยว: ดึงดูดนักท่องเที่ยวต่างชาติให้เดินทางมาไทยมากขึ้น,Success
594,หญิง,18 - 25 ปี,พนักงานบริษัทเอกชน,ทราบ,ป้ายโฆษณา/สื่อประชาสัมพันธ์ภายนอก,สนใจมาก,ชมการถ่ายทอดสดผ่านโทรทัศน์หรือช่องทางออนไลน์,ด้านภาพลักษณ์: สร้างชื่อเสียงและภาพลักษณ์ที่ดีของประเทศในระดับนานาชาติ,Success
595,ชาย,36 - 45 ปี,ประกอบอาชีพอิสระ,ไม่ทราบ,เว็บไซต์ข่าว/แอปพลิเคชันข่าว,สนใจมากที่สุด,ชมการถ่ายทอดสดผ่านโทรทัศน์หรือช่องทางออนไลน์,ด้านภาพลักษณ์: สร้างชื่อเสียงและภาพลักษณ์ที่ดีของประเทศในระดับนานาชาติ,Success
596,หญิง,26 - 35 ปี,นักเรียน/นักศึกษา,ไม่ทราบ,ป้ายโฆษณา/สื่อประชาสัมพันธ์ภายนอก,สนใจน้อย,เข้าชมการแข่งขันในสนาม,ด้านสังคม: ส่งเสริมการกีฬาและสร้างแรงบันดาลใจให้กับคนในประเทศ,Success
597,หญิง,36 - 45 ปี,ข้าราชการ/พนักงานรัฐวิสาหกิจ,ไม่ทราบ,เว็บไซต์ข่าว/แอปพลิเคชันข่าว,สนใจน้อย,เข้าร่วมกิจกรรมประชาสัมพันธ์หรือกิจกรรมเสริมต่างๆ,ด้านการท่องเที่ยว: ดึงดูดนักท่องเที่ยวต่างชาติให้เดินทางมาไทยมากขึ้น,Success
598,ชาย,36 - 45 ปี,นักเรียน/นักศึกษา,ทราบ,"สื่อสังคมออนไลน์ (เช่น Facebook, Twitter, Instagram, TikTok)",สนใจปานกลาง,เข้าชมการแข่งขันในสนาม,ด้านภาพลักษณ์: สร้างชื่อเสียงและภาพลักษณ์ที่ดีของประเทศในระดับนานาชาติ,Success
599,ชาย,26 - 35 ปี,นักเรียน/นักศึกษา,ทราบ,เว็บไซต์ข่าว/แอปพลิเคชันข่าว,สนใจปานกลาง,ชมการถ่ายทอดสดผ่านโทรทัศน์หรือช่องทางออนไลน์,ด้านการท่องเที่ยว: ดึงดูดนักท่องเที่ยวต่างชาติให้เดินทางมาไทยมากขึ้น,Success
600,หญิง,18 - 25 ปี,ค้าขาย/เจ้าของธุรกิจ,ไม่ทราบ,ป้ายโฆษณา/สื่อประชาสัมพันธ์ภายนอก,สนใจมาก,ซื้อสินค้าหรือของที่ระลึกที่เกี่ยวข้อง,ด้านภาพลักษณ์: สร้างชื่อเสียงและภาพลักษณ์ที่ดีของประเทศในระดับนานาชาติ,Success
601,หญิง,26 - 35 ปี,ข้าราชการ/พนักงานรัฐวิสาหกิจ,ไม่ทราบ,"สื่อสังคมออนไลน์ (เช่น Facebook, Twitter, Instagram, TikTok)",สนใจปานกลาง,ซื้อสินค้าหรือของที่ระลึกที่เกี่ยวข้อง,ด้านการท่องเที่ยว: ดึงดูดนักท่องเที่ยวต่างชาติให้เดินทางมาไทยมากขึ้น,Success
602,ชาย,36 - 45 ปี,นักเรียน/นักศึกษา,ทราบ,ป้ายโฆษณา/สื่อประชาสัมพันธ์ภายนอก,สนใจปานกลาง,เข้าชมการแข่งขันในสนาม,ด้านการท่องเที่ยว: ดึงดูดนักท่องเที่ยวต่างชาติให้เดินทางมาไทยมากขึ้น,Success
603,หญิง,18 - 25 ปี,พนักงานบริษัทเอกชน,ไม่ทราบ,เว็บไซต์ข่าว/แอปพลิเคชันข่าว,สนใจปานกลาง,ซื้อสินค้าหรือของที่ระลึกที่เกี่ยวข้อง,ด้านการท่องเที่ยว: ดึงดูดนักท่องเที่ยวต่างชาติให้เดินทางมาไทยมากขึ้น,Success
604,หญิง,18 - 25 ปี,ข้าราชการ/พนักงานรัฐวิสาหกิจ,ทราบ,"สื่อสังคมออนไลน์ (เช่น Facebook, Twitter, Instagram, TikTok)",สนใจน้อย,ชมการถ่ายทอดสดผ่านโทรทัศน์หรือช่องทางออนไลน์,ด้านภาพลักษณ์: สร้างชื่อเสียงและภาพลักษณ์ที่ดีของประเทศในระดับนานาชาติ,Success
605,ชาย,36 - 45 ปี,ค้าขาย/เจ้าของธุรกิจ,ไม่ทราบ,"สื่อสังคมออนไลน์ (เช่น Facebook, Twitter, Instagram, TikTok)",สนใจน้อย,ชมการถ่ายทอดสดผ่านโทรทัศน์หรือช่องทางออนไลน์,ด้านสังคม: ส่งเสริมการกีฬาและสร้างแรงบันดาลใจให้กับคนในประเทศ,Success
606,ชาย,18 - 25 ปี,ข้าราชการ/พนักงานรัฐวิสาหกิจ,ทราบ,"สื่อสังคมออนไลน์ (เช่น Facebook, Twitter, Instagram, TikTok)",สนใจมาก,เข้าชมการแข่งขันในสนาม,ด้านสังคม: ส่งเสริมการกีฬาและสร้างแรงบันดาลใจให้กับคนในประเทศ,Success
607,หญิง,18 - 25 ปี,พนักงานบริษัทเอกชน,ทราบ,ป้ายโฆษณา/สื่อประชาสัมพันธ์ภายนอก,สนใจน้อย,เข้าชมการแข่งขันในสนาม,ด้านเศรษฐกิจ: เพิ่มรายได้จากการท่องเที่ยวและการใช้จ่ายที่เกี่ยวข้อง,Success
608,หญิง,26 - 35 ปี,ค้าขาย/เจ้าของธุรกิจ,ทราบ,"สื่อสังคมออนไลน์ (เช่น Facebook, Twitter, Instagram, TikTok)",สนใจมาก,ชมการถ่ายทอดสดผ่านโทรทัศน์หรือช่องทางออนไลน์,ด้านสังคม: ส่งเสริมการกีฬาและสร้างแรงบันดาลใจให้กับคนในประเทศ,Success
609,ชาย,18 - 25 ปี,ประกอบอาชีพอิสระ,ทราบ,เว็บไซต์ข่าว/แอปพลิเคชันข่าว,สนใจน้อย,เข้าร่วมกิจกรรมประชาสัมพันธ์หรือกิจกรรมเสริมต่างๆ,ด้านภาพลักษณ์: สร้างชื่อเสียงและภาพลักษณ์ที่ดีของประเทศในระดับนานาชาติ,Success
610,ชาย,26 - 35 ปี,พนักงานบริษัทเอกชน,ทราบ,เว็บไซต์ข่าว/แอปพลิเคชันข่าว,สนใจมาก,ชมการถ่ายทอดสดผ่านโทรทัศน์หรือช่องทางออนไลน์,ด้านการท่องเที่ยว: ดึงดูดนักท่องเที่ยวต่างชาติให้เดินทางมาไทยมากขึ้น,Success
611,หญิง,36 - 45 ปี,ประกอบอาชีพอิสระ,ไม่ทราบ,ป้ายโฆษณา/สื่อประชาสัมพันธ์ภายนอก,สนใจมาก,เข้าชมการแข่งขันในสนาม,ด้านสังคม: ส่งเสริมการกีฬาและสร้างแรงบันดาลใจให้กับคนในประเทศ,Success
612,ชาย,36 - 45 ปี,พนักงานบริษัทเอกชน,ทราบ,"สื่อสังคมออนไลน์ (เช่น Facebook, Twitter, Instagram, TikTok)",ไม่สนใจเลย,เข้าชมการแข่งขันในสนาม,ด้านการท่องเที่ยว: ดึงดูดนักท่องเที่ยวต่างชาติให้เดินทางมาไทยมากขึ้น,Success
613,ชาย,36 - 45 ปี,ข้าราชการ/พนักงานรัฐวิสาหกิจ,ไม่ทราบ,"สื่อสังคมออนไลน์ (เช่น Facebook, Twitter, Instagram, TikTok)",สนใจมากที่สุด,ชมการถ่ายทอดสดผ่านโทรทัศน์หรือช่องทางออนไลน์,ด้านเศรษฐกิจ: เพิ่มรายได้จากการท่องเที่ยวและการใช้จ่ายที่เกี่ยวข้อง,Success
614,ชาย,18 - 25 ปี,ข้าราชการ/พนักงานรัฐวิสาหกิจ,ไม่ทราบ,"สื่อสังคมออนไลน์ (เช่น Facebook, Twitter, Instagram, TikTok)",สนใจน้อย,ซื้อสินค้าหรือของที่ระลึกที่เกี่ยวข้อง,ด้านเศรษฐกิจ: เพิ่มรายได้จากการท่องเที่ยวและการใช้จ่ายที่เกี่ยวข้อง,Success
615,หญิง,26 - 35 ปี,ประกอบอาชีพอิสระ,ไม่ทราบ,เว็บไซต์ข่าว/แอปพลิเคชันข่าว,สนใจน้อย,ซื้อสินค้าหรือของที่ระลึกที่เกี่ยวข้อง,ด้านเศรษฐกิจ: เพิ่มรายได้จากการท่องเที่ยวและการใช้จ่ายที่เกี่ยวข้อง,Success
616,หญิง,18 - 25 ปี,นักเรียน/นักศึกษา,ทราบ,"สื่อสังคมออนไลน์ (เช่น Facebook, Twitter, Instagram, TikTok)",สนใจปานกลาง,ชมการถ่ายทอดสดผ่านโทรทัศน์หรือช่องทางออนไลน์,ด้านสังคม: ส่งเสริมการกีฬาและสร้างแรงบันดาลใจให้กับคนในประเทศ,Success
617,หญิง,18 - 25 ปี,นักเรียน/นักศึกษา,ไม่ทราบ,เว็บไซต์ข่าว/แอปพลิเคชันข่าว,สนใจมากที่สุด,ชมการถ่ายทอดสดผ่านโทรทัศน์หรือช่องทางออนไลน์,ด้านเศรษฐกิจ: เพิ่มรายได้จากการท่องเที่ยวและการใช้จ่ายที่เกี่ยวข้อง,Success
618,ชาย,36 - 45 ปี,ประกอบอาชีพอิสระ,ไม่ทราบ,เว็บไซต์ข่าว/แอปพลิเคชันข่าว,สนใจมากที่สุด,ชมการถ่ายทอดสดผ่านโทรทัศน์หรือช่องทางออนไลน์,ด้านภาพลักษณ์: สร้างชื่อเสียงและภาพลักษณ์ที่ดีของประเทศในระดับนานาชาติ,Success
619,ชาย,36 - 45 ปี,นักเรียน/นักศึกษา,ไม่ทราบ,เว็บไซต์ข่าว/แอปพลิเคชันข่าว,สนใจน้อย,ชมการถ่ายทอดสดผ่านโทรทัศน์หรือช่องทางออนไลน์,ด้านเศรษฐกิจ: เพิ่มรายได้จากการท่องเที่ยวและการใช้จ่ายที่เกี่ยวข้อง,Success
620,หญิง,26 - 35 ปี,ค้าขาย/เจ้าของธุรกิจ,ไม่ทราบ,ป้ายโฆษณา/สื่อประชาสัมพันธ์ภายนอก,สนใจปานกลาง,ชมการถ่ายทอดสดผ่านโทรทัศน์หรือช่องทางออนไลน์,ด้านการท่องเที่ยว: ดึงดูดนักท่องเที่ยวต่างชาติให้เดินทางมาไทยมากขึ้น,Success
621,หญิง,26 - 35 ปี,ข้าราชการ/พนักงานรัฐวิสาหกิจ,ไม่ทราบ,เว็บไซต์ข่าว/แอปพลิเคชันข่าว,สนใจมาก,ซื้อสินค้าหรือของที่ระลึกที่เกี่ยวข้อง,ด้านเศรษฐกิจ: เพิ่มรายได้จากการท่องเที่ยวและการใช้จ่ายที่เกี่ยวข้อง,Success
622,หญิง,26 - 35 ปี,ประกอบอาชีพอิสระ,ไม่ทราบ,ป้ายโฆษณา/สื่อประชาสัมพันธ์ภายนอก,สนใจน้อย,เข้าร่วมกิจกรรมประชาสัมพันธ์หรือกิจกรรมเสริมต่างๆ,ด้านภาพลักษณ์: สร้างชื่อเสียงและภาพลักษณ์ที่ดีของประเทศในระดับนานาชาติ,Success
623,ชาย,18 - 25 ปี,ประกอบอาชีพอิสระ,ไม่ทราบ,ป้ายโฆษณา/สื่อประชาสัมพันธ์ภายนอก,สนใจมาก,ซื้อสินค้าหรือของที่ระลึกที่เกี่ยวข้อง,ด้านเศรษฐกิจ: เพิ่มรายได้จากการท่องเที่ยวและการใช้จ่ายที่เกี่ยวข้อง,Success
624,ชาย,18 - 25 ปี,นักเรียน/นักศึกษา,ทราบ,"สื่อสังคมออนไลน์ (เช่น Facebook, Twitter, Instagram, TikTok)",สนใจน้อย,เข้าชมการแข่งขันในสนาม,ด้านภาพลักษณ์: สร้างชื่อเสียงและภาพลักษณ์ที่ดีของประเทศในระดับนานาชาติ,Success
625,หญิง,36 - 45 ปี,ค้าขาย/เจ้าของธุรกิจ,ทราบ,ป้ายโฆษณา/สื่อประชาสัมพันธ์ภายนอก,สนใจมากที่สุด,ซื้อสินค้าหรือของที่ระลึกที่เกี่ยวข้อง,ด้านสังคม: ส่งเสริมการกีฬาและสร้างแรงบันดาลใจให้กับคนในประเทศ,Success
626,ชาย,26 - 35 ปี,นักเรียน/นักศึกษา,ทราบ,"สื่อสังคมออนไลน์ (เช่น Facebook, Twitter, Instagram, TikTok)",ไม่สนใจเลย,ชมการถ่ายทอดสดผ่านโทรทัศน์หรือช่องทางออนไลน์,ด้านการท่องเที่ยว: ดึงดูดนักท่องเที่ยวต่างชาติให้เดินทางมาไทยมากขึ้น,Success
627,ชาย,18 - 25 ปี,นักเรียน/นักศึกษา,ทราบ,"สื่อสังคมออนไลน์ (เช่น Facebook, Twitter, Instagram, TikTok)",ไม่สนใจเลย,ชมการถ่ายทอดสดผ่านโทรทัศน์หรือช่องทางออนไลน์,ด้านภาพลักษณ์: สร้างชื่อเสียงและภาพลักษณ์ที่ดีของประเทศในระดับนานาชาติ,Success
628,หญิง,18 - 25 ปี,พนักงานบริษัทเอกชน,ไม่ทราบ,ป้ายโฆษณา/สื่อประชาสัมพันธ์ภายนอก,ไม่สนใจเลย,ชมการถ่ายทอดสดผ่านโทรทัศน์หรือช่องทางออนไลน์,ด้านการท่องเที่ยว: ดึงดูดนักท่องเที่ยวต่างชาติให้เดินทางมาไทยมากขึ้น,Success
629,หญิง,36 - 45 ปี,ข้าราชการ/พนักงานรัฐวิสาหกิจ,ไม่ทราบ,ป้ายโฆษณา/สื่อประชาสัมพันธ์ภายนอก,ไม่สนใจเลย,ชมการถ่ายทอดสดผ่านโทรทัศน์หรือช่องทางออนไลน์,ด้านภาพลักษณ์: สร้างชื่อเสียงและภาพลักษณ์ที่ดีของประเทศในระดับนานาชาติ,Success
630,หญิง,18 - 25 ปี,ค้าขาย/เจ้าของธุรกิจ,ไม่ทราบ,"สื่อสังคมออนไลน์ (เช่น Facebook, Twitter, Instagram, TikTok)",ไม่สนใจเลย,ซื้อสินค้าหรือของที่ระลึกที่เกี่ยวข้อง,ด้านภาพลักษณ์: สร้างชื่อเสียงและภาพลักษณ์ที่ดีของประเทศในระดับนานาชาติ,Success
631,ชาย,36 - 45 ปี,ข้าราชการ/พนักงานรัฐวิสาหกิจ,ทราบ,ป้ายโฆษณา/สื่อประชาสัมพันธ์ภายนอก,สนใจปานกลาง,เข้าชมการแข่งขันในสนาม,ด้านภาพลักษณ์: สร้างชื่อเสียงและภาพลักษณ์ที่ดีของประเทศในระดับนานาชาติ,Success
632,หญิง,36 - 45 ปี,ค้าขาย/เจ้าของธุรกิจ,ไม่ทราบ,"สื่อสังคมออนไลน์ (เช่น Facebook, Twitter, Instagram, TikTok)",ไม่สนใจเลย,ซื้อสินค้าหรือของที่ระลึกที่เกี่ยวข้อง,ด้านสังคม: ส่งเสริมการกีฬาและสร้างแรงบันดาลใจให้กับคนในประเทศ,Success
633,ชาย,36 - 45 ปี,ประกอบอาชีพอิสระ,ทราบ,เว็บไซต์ข่าว/แอปพลิเคชันข่าว,สนใจน้อย,ชมการถ่ายทอดสดผ่านโทรทัศน์หรือช่องทางออนไลน์,ด้านเศรษฐกิจ: เพิ่มรายได้จากการท่องเที่ยวและการใช้จ่ายที่เกี่ยวข้อง,Success
634,หญิง,26 - 35 ปี,ค้าขาย/เจ้าของธุรกิจ,ไม่ทราบ,"สื่อสังคมออนไลน์ (เช่น Facebook, Twitter, Instagram, TikTok)",สนใจมากที่สุด,เข้าชมการแข่งขันในสนาม,ด้านสังคม: ส่งเสริมการกีฬาและสร้างแรงบันดาลใจให้กับคนในประเทศ,Success
635,หญิง,18 - 25 ปี,พนักงานบริษัทเอกชน,ทราบ,เว็บไซต์ข่าว/แอปพลิเคชันข่าว,สนใจมากที่สุด,เข้าชมการแข่งขันในสนาม,ด้านภาพลักษณ์: สร้างชื่อเสียงและภาพลักษณ์ที่ดีของประเทศในระดับนานาชาติ,Success
636,ชาย,36 - 45 ปี,ประกอบอาชีพอิสระ,ไม่ทราบ,เว็บไซต์ข่าว/แอปพลิเคชันข่าว,ไม่สนใจเลย,ชมการถ่ายทอดสดผ่านโทรทัศน์หรือช่องทางออนไลน์,ด้านเศรษฐกิจ: เพิ่มรายได้จากการท่องเที่ยวและการใช้จ่ายที่เกี่ยวข้อง,Success
637,ชาย,36 - 45 ปี,ประกอบอาชีพอิสระ,ทราบ,ป้ายโฆษณา/สื่อประชาสัมพันธ์ภายนอก,สนใจมากที่สุด,เข้าร่วมกิจกรรมประชาสัมพันธ์หรือกิจกรรมเสริมต่างๆ,ด้านเศรษฐกิจ: เพิ่มรายได้จากการท่องเที่ยวและการใช้จ่ายที่เกี่ยวข้อง,Success
638,หญิง,26 - 35 ปี,ข้าราชการ/พนักงานรัฐวิสาหกิจ,ทราบ,"สื่อสังคมออนไลน์ (เช่น Facebook, Twitter, Instagram, TikTok)",สนใจน้อย,ชมการถ่ายทอดสดผ่านโทรทัศน์หรือช่องทางออนไลน์,ด้านภาพลักษณ์: สร้างชื่อเสียงและภาพลักษณ์ที่ดีของประเทศในระดับนานาชาติ,Success
639,หญิง,18 - 25 ปี,พนักงานบริษัทเอกชน,ไม่ทราบ,เว็บไซต์ข่าว/แอปพลิเคชันข่าว,สนใจมาก,ชมการถ่ายทอดสดผ่านโทรทัศน์หรือช่องทางออนไลน์,ด้านเศรษฐกิจ: เพิ่มรายได้จากการท่องเที่ยวและการใช้จ่ายที่เกี่ยวข้อง,Success
640,ชาย,18 - 25 ปี,ค้าขาย/เจ้าของธุรกิจ,ไม่ทราบ,"สื่อสังคมออนไลน์ (เช่น Facebook, Twitter, Instagram, TikTok)",สนใจน้อย,ซื้อสินค้าหรือของที่ระลึกที่เกี่ยวข้อง,ด้านการท่องเที่ยว: ดึงดูดนักท่องเที่ยวต่างชาติให้เดินทางมาไทยมากขึ้น,Success
641,หญิง,18 - 25 ปี,ค้าขาย/เจ้าของธุรกิจ,ไม่ทราบ,ป้ายโฆษณา/สื่อประชาสัมพันธ์ภายนอก,สนใจมาก,เข้าชมการแข่งขันในสนาม,ด้านการท่องเที่ยว: ดึงดูดนักท่องเที่ยวต่างชาติให้เดินทางมาไทยมากขึ้น,Success
642,ชาย,18 - 25 ปี,ข้าราชการ/พนักงานรัฐวิสาหกิจ,ไม่ทราบ,"สื่อสังคมออนไลน์ (เช่น Facebook, Twitter, Instagram, TikTok)",สนใจมากที่สุด,ซื้อสินค้าหรือของที่ระลึกที่เกี่ยวข้อง,ด้านการท่องเที่ยว: ดึงดูดนักท่องเที่ยวต่างชาติให้เดินทางมาไทยมากขึ้น,Success
643,ชาย,36 - 45 ปี,นักเรียน/นักศึกษา,ไม่ทราบ,ป้ายโฆษณา/สื่อประชาสัมพันธ์ภายนอก,สนใจมาก,เข้าชมการแข่งขันในสนาม,ด้านภาพลักษณ์: สร้างชื่อเสียงและภาพลักษณ์ที่ดีของประเทศในระดับนานาชาติ,Success
644,ชาย,36 - 45 ปี,พนักงานบริษัทเอกชน,ไม่ทราบ,"สื่อสังคมออนไลน์ (เช่น Facebook, Twitter, Instagram, TikTok)",ไม่สนใจเลย,ชมการถ่ายทอดสดผ่านโทรทัศน์หรือช่องทางออนไลน์,ด้านการท่องเที่ยว: ดึงดูดนักท่องเที่ยวต่างชาติให้เดินทางมาไทยมากขึ้น,Success
645,หญิง,36 - 45 ปี,ค้าขาย/เจ้าของธุรกิจ,ไม่ทราบ,ป้ายโฆษณา/สื่อประชาสัมพันธ์ภายนอก,สนใจมาก,เข้าร่วมกิจกรรมประชาสัมพันธ์หรือกิจกรรมเสริมต่างๆ,ด้านการท่องเที่ยว: ดึงดูดนักท่องเที่ยวต่างชาติให้เดินทางมาไทยมากขึ้น,Success
646,หญิง,36 - 45 ปี,พนักงานบริษัทเอกชน,ไม่ทราบ,เว็บไซต์ข่าว/แอปพลิเคชันข่าว,สนใจน้อย,ชมการถ่ายทอดสดผ่านโทรทัศน์หรือช่องทางออนไลน์,ด้านเศรษฐกิจ: เพิ่มรายได้จากการท่องเที่ยวและการใช้จ่ายที่เกี่ยวข้อง,Success
647,หญิง,26 - 35 ปี,ข้าราชการ/พนักงานรัฐวิสาหกิจ,ทราบ,ป้ายโฆษณา/สื่อประชาสัมพันธ์ภายนอก,สนใจมาก,เข้าร่วมกิจกรรมประชาสัมพันธ์หรือกิจกรรมเสริมต่างๆ,ด้านเศรษฐกิจ: เพิ่มรายได้จากการท่องเที่ยวและการใช้จ่ายที่เกี่ยวข้อง,Success
648,หญิง,26 - 35 ปี,ประกอบอาชีพอิสระ,ไม่ทราบ,"สื่อสังคมออนไลน์ (เช่น Facebook, Twitter, Instagram, TikTok)",สนใจปานกลาง,ชมการถ่ายทอดสดผ่านโทรทัศน์หรือช่องทางออนไลน์,ด้านภาพลักษณ์: สร้างชื่อเสียงและภาพลักษณ์ที่ดีของประเทศในระดับนานาชาติ,Success
649,หญิง,26 - 35 ปี,ข้าราชการ/พนักงานรัฐวิสาหกิจ,ทราบ,เว็บไซต์ข่าว/แอปพลิเคชันข่าว,สนใจน้อย,ชมการถ่ายทอดสดผ่านโทรทัศน์หรือช่องทางออนไลน์,ด้านภาพลักษณ์: สร้างชื่อเสียงและภาพลักษณ์ที่ดีของประเทศในระดับนานาชาติ,Success
650,หญิง,36 - 45 ปี,พนักงานบริษัทเอกชน,ทราบ,เว็บไซต์ข่าว/แอปพลิเคชันข่าว,สนใจมาก,ชมการถ่ายทอดสดผ่านโทรทัศน์หรือช่องทางออนไลน์,ด้านการท่องเที่ยว: ดึงดูดนักท่องเที่ยวต่างชาติให้เดินทางมาไทยมากขึ้น,Success
651,หญิง,18 - 25 ปี,พนักงานบริษัทเอกชน,ทราบ,ป้ายโฆษณา/สื่อประชาสัมพันธ์ภายนอก,สนใจมากที่สุด,เข้าชมการแข่งขันในสนาม,ด้านภาพลักษณ์: สร้างชื่อเสียงและภาพลักษณ์ที่ดีของประเทศในระดับนานาชาติ,Success
652,ชาย,18 - 25 ปี,พนักงานบริษัทเอกชน,ไม่ทราบ,"สื่อสังคมออนไลน์ (เช่น Facebook, Twitter, Instagram, TikTok)",สนใจปานกลาง,ซื้อสินค้าหรือของที่ระลึกที่เกี่ยวข้อง,ด้านภาพลักษณ์: สร้างชื่อเสียงและภาพลักษณ์ที่ดีของประเทศในระดับนานาชาติ,Success
653,ชาย,36 - 45 ปี,พนักงานบริษัทเอกชน,ทราบ,เว็บไซต์ข่าว/แอปพลิเคชันข่าว,สนใจมากที่สุด,ชมการถ่ายทอดสดผ่านโทรทัศน์หรือช่องทางออนไลน์,ด้านการท่องเที่ยว: ดึงดูดนักท่องเที่ยวต่างชาติให้เดินทางมาไทยมากขึ้น,Success
654,หญิง,18 - 25 ปี,ประกอบอาชีพอิสระ,ทราบ,"สื่อสังคมออนไลน์ (เช่น Facebook, Twitter, Instagram, TikTok)",สนใจปานกลาง,เข้าชมการแข่งขันในสนาม,ด้านการท่องเที่ยว: ดึงดูดนักท่องเที่ยวต่างชาติให้เดินทางมาไทยมากขึ้น,Success
655,หญิง,26 - 35 ปี,ค้าขาย/เจ้าของธุรกิจ,ทราบ,"สื่อสังคมออนไลน์ (เช่น Facebook, Twitter, Instagram, TikTok)",สนใจปานกลาง,ชมการถ่ายทอดสดผ่านโทรทัศน์หรือช่องทางออนไลน์,ด้านภาพลักษณ์: สร้างชื่อเสียงและภาพลักษณ์ที่ดีของประเทศในระดับนานาชาติ,Success
656,ชาย,36 - 45 ปี,ค้าขาย/เจ้าของธุรกิจ,ไม่ทราบ,ป้ายโฆษณา/สื่อประชาสัมพันธ์ภายนอก,สนใจน้อย,เข้าชมการแข่งขันในสนาม,ด้านสังคม: ส่งเสริมการกีฬาและสร้างแรงบันดาลใจให้กับคนในประเทศ,Success
657,ชาย,18 - 25 ปี,ข้าราชการ/พนักงานรัฐวิสาหกิจ,ทราบ,เว็บไซต์ข่าว/แอปพลิเคชันข่าว,สนใจมาก,เข้าชมการแข่งขันในสนาม,ด้านเศรษฐกิจ: เพิ่มรายได้จากการท่องเที่ยวและการใช้จ่ายที่เกี่ยวข้อง,Success
658,หญิง,36 - 45 ปี,ค้าขาย/เจ้าของธุรกิจ,ไม่ทราบ,เว็บไซต์ข่าว/แอปพลิเคชันข่าว,สนใจมาก,เข้าชมการแข่งขันในสนาม,ด้านสังคม: ส่งเสริมการกีฬาและสร้างแรงบันดาลใจให้กับคนในประเทศ,Success
659,ชาย,18 - 25 ปี,พนักงานบริษัทเอกชน,ไม่ทราบ,เว็บไซต์ข่าว/แอปพลิเคชันข่าว,สนใจน้อย,เข้าร่วมกิจกรรมประชาสัมพันธ์หรือกิจกรรมเสริมต่างๆ,ด้านเศรษฐกิจ: เพิ่มรายได้จากการท่องเที่ยวและการใช้จ่ายที่เกี่ยวข้อง,Success
660,ชาย,26 - 35 ปี,ค้าขาย/เจ้าของธุรกิจ,ทราบ,"สื่อสังคมออนไลน์ (เช่น Facebook, Twitter, Instagram, TikTok)",สนใจน้อย,ซื้อสินค้าหรือของที่ระลึกที่เกี่ยวข้อง,ด้านเศรษฐกิจ: เพิ่มรายได้จากการท่องเที่ยวและการใช้จ่ายที่เกี่ยวข้อง,Success
661,หญิง,18 - 25 ปี,ข้าราชการ/พนักงานรัฐวิสาหกิจ,ไม่ทราบ,"สื่อสังคมออนไลน์ (เช่น Facebook, Twitter, Instagram, TikTok)",สนใจมาก,ซื้อสินค้าหรือของที่ระลึกที่เกี่ยวข้อง,ด้านสังคม: ส่งเสริมการกีฬาและสร้างแรงบันดาลใจให้กับคนในประเทศ,Success
662,ชาย,26 - 35 ปี,นักเรียน/นักศึกษา,ทราบ,เว็บไซต์ข่าว/แอปพลิเคชันข่าว,สนใจน้อย,เข้าร่วมกิจกรรมประชาสัมพันธ์หรือกิจกรรมเสริมต่างๆ,ด้านการท่องเที่ยว: ดึงดูดนักท่องเที่ยวต่างชาติให้เดินทางมาไทยมากขึ้น,Success
663,หญิง,36 - 45 ปี,พนักงานบริษัทเอกชน,ทราบ,เว็บไซต์ข่าว/แอปพลิเคชันข่าว,สนใจมากที่สุด,เข้าชมการแข่งขันในสนาม,ด้านภาพลักษณ์: สร้างชื่อเสียงและภาพลักษณ์ที่ดีของประเทศในระดับนานาชาติ,Success
664,หญิง,26 - 35 ปี,ประกอบอาชีพอิสระ,ไม่ทราบ,"สื่อสังคมออนไลน์ (เช่น Facebook, Twitter, Instagram, TikTok)",ไม่สนใจเลย,ซื้อสินค้าหรือของที่ระลึกที่เกี่ยวข้อง,ด้านเศรษฐกิจ: เพิ่มรายได้จากการท่องเที่ยวและการใช้จ่ายที่เกี่ยวข้อง,Success
665,หญิง,18 - 25 ปี,ข้าราชการ/พนักงานรัฐวิสาหกิจ,ไม่ทราบ,ป้ายโฆษณา/สื่อประชาสัมพันธ์ภายนอก,สนใจปานกลาง,เข้าชมการแข่งขันในสนาม,ด้านเศรษฐกิจ: เพิ่มรายได้จากการท่องเที่ยวและการใช้จ่ายที่เกี่ยวข้อง,Success
666,ชาย,26 - 35 ปี,พนักงานบริษัทเอกชน,ไม่ทราบ,"สื่อสังคมออนไลน์ (เช่น Facebook, Twitter, Instagram, TikTok)",สนใจปานกลาง,ชมการถ่ายทอดสดผ่านโทรทัศน์หรือช่องทางออนไลน์,ด้านการท่องเที่ยว: ดึงดูดนักท่องเที่ยวต่างชาติให้เดินทางมาไทยมากขึ้น,Success
667,ชาย,18 - 25 ปี,ค้าขาย/เจ้าของธุรกิจ,ไม่ทราบ,ป้ายโฆษณา/สื่อประชาสัมพันธ์ภายนอก,สนใจน้อย,ซื้อสินค้าหรือของที่ระลึกที่เกี่ยวข้อง,ด้านการท่องเที่ยว: ดึงดูดนักท่องเที่ยวต่างชาติให้เดินทางมาไทยมากขึ้น,Success
668,ชาย,18 - 25 ปี,นักเรียน/นักศึกษา,ทราบ,"สื่อสังคมออนไลน์ (เช่น Facebook, Twitter, Instagram, TikTok)",สนใจปานกลาง,ชมการถ่ายทอดสดผ่านโทรทัศน์หรือช่องทางออนไลน์,ด้านสังคม: ส่งเสริมการกีฬาและสร้างแรงบันดาลใจให้กับคนในประเทศ,Success
669,หญิง,26 - 35 ปี,ค้าขาย/เจ้าของธุรกิจ,ไม่ทราบ,เว็บไซต์ข่าว/แอปพลิเคชันข่าว,สนใจมาก,ชมการถ่ายทอดสดผ่านโทรทัศน์หรือช่องทางออนไลน์,ด้านภาพลักษณ์: สร้างชื่อเสียงและภาพลักษณ์ที่ดีของประเทศในระดับนานาชาติ,Success
670,ชาย,18 - 25 ปี,พนักงานบริษัทเอกชน,ไม่ทราบ,"สื่อสังคมออนไลน์ (เช่น Facebook, Twitter, Instagram, TikTok)",สนใจมากที่สุด,ซื้อสินค้าหรือของที่ระลึกที่เกี่ยวข้อง,ด้านเศรษฐกิจ: เพิ่มรายได้จากการท่องเที่ยวและการใช้จ่ายที่เกี่ยวข้อง,Success
671,ชาย,18 - 25 ปี,ค้าขาย/เจ้าของธุรกิจ,ทราบ,เว็บไซต์ข่าว/แอปพลิเคชันข่าว,ไม่สนใจเลย,เข้าชมการแข่งขันในสนาม,ด้านสังคม: ส่งเสริมการกีฬาและสร้างแรงบันดาลใจให้กับคนในประเทศ,Success
672,หญิง,36 - 45 ปี,ประกอบอาชีพอิสระ,ไม่ทราบ,เว็บไซต์ข่าว/แอปพลิเคชันข่าว,ไม่สนใจเลย,ชมการถ่ายทอดสดผ่านโทรทัศน์หรือช่องทางออนไลน์,ด้านภาพลักษณ์: สร้างชื่อเสียงและภาพลักษณ์ที่ดีของประเทศในระดับนานาชาติ,Success
673,ชาย,18 - 25 ปี,ค้าขาย/เจ้าของธุรกิจ,ทราบ,ป้ายโฆษณา/สื่อประชาสัมพันธ์ภายนอก,ไม่สนใจเลย,เข้าชมการแข่งขันในสนาม,ด้านการท่องเที่ยว: ดึงดูดนักท่องเที่ยวต่างชาติให้เดินทางมาไทยมากขึ้น,Success
674,หญิง,26 - 35 ปี,ประกอบอาชีพอิสระ,ทราบ,เว็บไซต์ข่าว/แอปพลิเคชันข่าว,สนใจน้อย,เข้าร่วมกิจกรรมประชาสัมพันธ์หรือกิจกรรมเสริมต่างๆ,ด้านการท่องเที่ยว: ดึงดูดนักท่องเที่ยวต่างชาติให้เดินทางมาไทยมากขึ้น,Success
675,ชาย,26 - 35 ปี,ข้าราชการ/พนักงานรัฐวิสาหกิจ,ทราบ,ป้ายโฆษณา/สื่อประชาสัมพันธ์ภายนอก,สนใจมากที่สุด,ซื้อสินค้าหรือของที่ระลึกที่เกี่ยวข้อง,ด้านภาพลักษณ์: สร้างชื่อเสียงและภาพลักษณ์ที่ดีของประเทศในระดับนานาชาติ,Success
676,หญิง,26 - 35 ปี,ประกอบอาชีพอิสระ,ทราบ,เว็บไซต์ข่าว/แอปพลิเคชันข่าว,ไม่สนใจเลย,ซื้อสินค้าหรือของที่ระลึกที่เกี่ยวข้อง,ด้านเศรษฐกิจ: เพิ่มรายได้จากการท่องเที่ยวและการใช้จ่ายที่เกี่ยวข้อง,Success
677,หญิง,18 - 25 ปี,นักเรียน/นักศึกษา,ไม่ทราบ,ป้ายโฆษณา/สื่อประชาสัมพันธ์ภายนอก,ไม่สนใจเลย,ซื้อสินค้าหรือของที่ระลึกที่เกี่ยวข้อง,ด้านเศรษฐกิจ: เพิ่มรายได้จากการท่องเที่ยวและการใช้จ่ายที่เกี่ยวข้อง,Success
678,ชาย,18 - 25 ปี,ประกอบอาชีพอิสระ,ไม่ทราบ,เว็บไซต์ข่าว/แอปพลิเคชันข่าว,สนใจปานกลาง,เข้าชมการแข่งขันในสนาม,ด้านการท่องเที่ยว: ดึงดูดนักท่องเที่ยวต่างชาติให้เดินทางมาไทยมากขึ้น,Success
679,ชาย,26 - 35 ปี,นักเรียน/นักศึกษา,ทราบ,เว็บไซต์ข่าว/แอปพลิเคชันข่าว,สนใจมาก,เข้าชมการแข่งขันในสนาม,ด้านเศรษฐกิจ: เพิ่มรายได้จากการท่องเที่ยวและการใช้จ่ายที่เกี่ยวข้อง,Success
680,ชาย,36 - 45 ปี,พนักงานบริษัทเอกชน,ทราบ,เว็บไซต์ข่าว/แอปพลิเคชันข่าว,สนใจมาก,เข้าร่วมกิจกรรมประชาสัมพันธ์หรือกิจกรรมเสริมต่างๆ,ด้านภาพลักษณ์: สร้างชื่อเสียงและภาพลักษณ์ที่ดีของประเทศในระดับนานาชาติ,Success
681,ชาย,18 - 25 ปี,พนักงานบริษัทเอกชน,ทราบ,ป้ายโฆษณา/สื่อประชาสัมพันธ์ภายนอก,ไม่สนใจเลย,ซื้อสินค้าหรือของที่ระลึกที่เกี่ยวข้อง,ด้านสังคม: ส่งเสริมการกีฬาและสร้างแรงบันดาลใจให้กับคนในประเทศ,Success
682,หญิง,18 - 25 ปี,ค้าขาย/เจ้าของธุรกิจ,ไม่ทราบ,"สื่อสังคมออนไลน์ (เช่น Facebook, Twitter, Instagram, TikTok)",สนใจมาก,ซื้อสินค้าหรือของที่ระลึกที่เกี่ยวข้อง,ด้านการท่องเที่ยว: ดึงดูดนักท่องเที่ยวต่างชาติให้เดินทางมาไทยมากขึ้น,Success
683,หญิง,26 - 35 ปี,ข้าราชการ/พนักงานรัฐวิสาหกิจ,ไม่ทราบ,เว็บไซต์ข่าว/แอปพลิเคชันข่าว,สนใจน้อย,ชมการถ่ายทอดสดผ่านโทรทัศน์หรือช่องทางออนไลน์,ด้านภาพลักษณ์: สร้างชื่อเสียงและภาพลักษณ์ที่ดีของประเทศในระดับนานาชาติ,Success
684,หญิง,26 - 35 ปี,ข้าราชการ/พนักงานรัฐวิสาหกิจ,ไม่ทราบ,"สื่อสังคมออนไลน์ (เช่น Facebook, Twitter, Instagram, TikTok)",สนใจมาก,ซื้อสินค้าหรือของที่ระลึกที่เกี่ยวข้อง,ด้านการท่องเที่ยว: ดึงดูดนักท่องเที่ยวต่างชาติให้เดินทางมาไทยมากขึ้น,Success
685,ชาย,26 - 35 ปี,ค้าขาย/เจ้าของธุรกิจ,ไม่ทราบ,เว็บไซต์ข่าว/แอปพลิเคชันข่าว,สนใจน้อย,ชมการถ่ายทอดสดผ่านโทรทัศน์หรือช่องทางออนไลน์,ด้านภาพลักษณ์: สร้างชื่อเสียงและภาพลักษณ์ที่ดีของประเทศในระดับนานาชาติ,Success
686,หญิง,26 - 35 ปี,ค้าขาย/เจ้าของธุรกิจ,ทราบ,ป้ายโฆษณา/สื่อประชาสัมพันธ์ภายนอก,ไม่สนใจเลย,เข้าชมการแข่งขันในสนาม,ด้านสังคม: ส่งเสริมการกีฬาและสร้างแรงบันดาลใจให้กับคนในประเทศ,Success
687,หญิง,36 - 45 ปี,ค้าขาย/เจ้าของธุรกิจ,ทราบ,ป้ายโฆษณา/สื่อประชาสัมพันธ์ภายนอก,สนใจมากที่สุด,ซื้อสินค้าหรือของที่ระลึกที่เกี่ยวข้อง,ด้านการท่องเที่ยว: ดึงดูดนักท่องเที่ยวต่างชาติให้เดินทางมาไทยมากขึ้น,Success
688,หญิง,18 - 25 ปี,พนักงานบริษัทเอกชน,ทราบ,"สื่อสังคมออนไลน์ (เช่น Facebook, Twitter, Instagram, TikTok)",ไม่สนใจเลย,ชมการถ่ายทอดสดผ่านโทรทัศน์หรือช่องทางออนไลน์,ด้านภาพลักษณ์: สร้างชื่อเสียงและภาพลักษณ์ที่ดีของประเทศในระดับนานาชาติ,Success
689,ชาย,18 - 25 ปี,พนักงานบริษัทเอกชน,ไม่ทราบ,ป้ายโฆษณา/สื่อประชาสัมพันธ์ภายนอก,สนใจมากที่สุด,เข้าชมการแข่งขันในสนาม,ด้านภาพลักษณ์: สร้างชื่อเสียงและภาพลักษณ์ที่ดีของประเทศในระดับนานาชาติ,Success
690,ชาย,18 - 25 ปี,ประกอบอาชีพอิสระ,ไม่ทราบ,ป้ายโฆษณา/สื่อประชาสัมพันธ์ภายนอก,สนใจมาก,ซื้อสินค้าหรือของที่ระลึกที่เกี่ยวข้อง,ด้านภาพลักษณ์: สร้างชื่อเสียงและภาพลักษณ์ที่ดีของประเทศในระดับนานาชาติ,Success
691,หญิง,26 - 35 ปี,นักเรียน/นักศึกษา,ไม่ทราบ,ป้ายโฆษณา/สื่อประชาสัมพันธ์ภายนอก,สนใจมาก,เข้าร่วมกิจกรรมประชาสัมพันธ์หรือกิจกรรมเสริมต่างๆ,ด้านการท่องเที่ยว: ดึงดูดนักท่องเที่ยวต่างชาติให้เดินทางมาไทยมากขึ้น,Success
692,ชาย,36 - 45 ปี,พนักงานบริษัทเอกชน,ไม่ทราบ,"สื่อสังคมออนไลน์ (เช่น Facebook, Twitter, Instagram, TikTok)",สนใจมาก,ซื้อสินค้าหรือของที่ระลึกที่เกี่ยวข้อง,ด้านการท่องเที่ยว: ดึงดูดนักท่องเที่ยวต่างชาติให้เดินทางมาไทยมากขึ้น,Success
693,หญิง,26 - 35 ปี,ค้าขาย/เจ้าของธุรกิจ,ทราบ,"สื่อสังคมออนไลน์ (เช่น Facebook, Twitter, Instagram, TikTok)",สนใจปานกลาง,ชมการถ่ายทอดสดผ่านโทรทัศน์หรือช่องทางออนไลน์,ด้านสังคม: ส่งเสริมการกีฬาและสร้างแรงบันดาลใจให้กับคนในประเทศ,Success
694,หญิง,26 - 35 ปี,ข้าราชการ/พนักงานรัฐวิสาหกิจ,ทราบ,ป้ายโฆษณา/สื่อประชาสัมพันธ์ภายนอก,สนใจปานกลาง,ซื้อสินค้าหรือของที่ระลึกที่เกี่ยวข้อง,ด้านการท่องเที่ยว: ดึงดูดนักท่องเที่ยวต่างชาติให้เดินทางมาไทยมากขึ้น,Success
695,หญิง,18 - 25 ปี,นักเรียน/นักศึกษา,ไม่ทราบ,"สื่อสังคมออนไลน์ (เช่น Facebook, Twitter, Instagram, TikTok)",สนใจปานกลาง,ซื้อสินค้าหรือของที่ระลึกที่เกี่ยวข้อง,ด้านภาพลักษณ์: สร้างชื่อเสียงและภาพลักษณ์ที่ดีของประเทศในระดับนานาชาติ,Success
696,ชาย,36 - 45 ปี,นักเรียน/นักศึกษา,ไม่ทราบ,เว็บไซต์ข่าว/แอปพลิเคชันข่าว,สนใจมากที่สุด,ซื้อสินค้าหรือของที่ระลึกที่เกี่ยวข้อง,ด้านสังคม: ส่งเสริมการกีฬาและสร้างแรงบันดาลใจให้กับคนในประเทศ,Success
697,หญิง,18 - 25 ปี,พนักงานบริษัทเอกชน,ทราบ,"สื่อสังคมออนไลน์ (เช่น Facebook, Twitter, Instagram, TikTok)",สนใจมาก,เข้าชมการแข่งขันในสนาม,ด้านเศรษฐกิจ: เพิ่มรายได้จากการท่องเที่ยวและการใช้จ่ายที่เกี่ยวข้อง,Success
698,ชาย,26 - 35 ปี,ประกอบอาชีพอิสระ,ไม่ทราบ,"สื่อสังคมออนไลน์ (เช่น Facebook, Twitter, Instagram, TikTok)",สนใจมากที่สุด,ชมการถ่ายทอดสดผ่านโทรทัศน์หรือช่องทางออนไลน์,ด้านการท่องเที่ยว: ดึงดูดนักท่องเที่ยวต่างชาติให้เดินทางมาไทยมากขึ้น,Success
699,หญิง,36 - 45 ปี,ค้าขาย/เจ้าของธุรกิจ,ไม่ทราบ,"สื่อสังคมออนไลน์ (เช่น Facebook, Twitter, Instagram, TikTok)",สนใจมาก,เข้าชมการแข่งขันในสนาม,ด้านเศรษฐกิจ: เพิ่มรายได้จากการท่องเที่ยวและการใช้จ่ายที่เกี่ยวข้อง,Success
700,ชาย,36 - 45 ปี,พนักงานบริษัทเอกชน,ทราบ,เว็บไซต์ข่าว/แอปพลิเคชันข่าว,สนใจมากที่สุด,ชมการถ่ายทอดสดผ่านโทรทัศน์หรือช่องทางออนไลน์,ด้านเศรษฐกิจ: เพิ่มรายได้จากการท่องเที่ยวและการใช้จ่ายที่เกี่ยวข้อง,Success
